"cluster_label","Splunk_Roles","Splunk_Instance",title,app,coldPath,"coldPath.maxDataSizeMB",coldToFrozenDir,coldToFrozenScript,currentDBSizeMB,"datamodel_summary_size",datatype,frozenTimePeriodInSecs,homePath,"homePath.maxDataSizeMB",isInternal,maxDataSize,maxGlobalDataSizeMB,maxGlobalRawDataSizeMB,maxHotBuckets,maxHotIdleSecs,maxHotSpanSecs,maxTime,maxTotalDataSizeMB,maxWarmDBCount,minHotIdleSecsBeforeForceRoll,minTime,quarantineFutureSecs,quarantinePastSecs,repFactor,rotatePeriodInSecs,thawedPath,throttleCheckPeriod,totalEventCount,"total_bucket_count","total_capacity","total_raw_size",tstatsHomePath
"org_idx_cluster1","PROD-IDXC-1|indexer","IDX1|IDX2|IDX3","_audit","org_all_indexes","volume:cold1/audit/colddb",0,"","",585,"5.183",event,7776000,"volume:hot1/audit/db",0,1,auto,0,0,10,0,604801,"2020-02-24T05:42:56+0000",4294967295,300,auto,"2020-02-20T14:49:40+0000",604801,604801,auto,60,"$SPLUNK_DB/audit/thaweddb",15,4954617,10,"4294967295.000","0.342","volume:_splunk_summaries/audit/datamodel_summary"
"org_idx_cluster1","PROD-IDXC-1|indexer","IDX1|IDX2|IDX3","_internal","org_all_indexes","volume:cold1/_internaldb/colddb",0,"","",22477,"48.859",event,7776000,"volume:hot1/_internaldb/db",0,1,1000,0,0,10,0,432000,"2020-02-24T05:42:57+0000",4294967295,300,auto,"2020-01-08T20:26:53+0000",604801,604801,auto,60,"$SPLUNK_DB/_internaldb/thaweddb",15,154673605,"104.33333333333333","4294967295.000","23179.424","volume:_splunk_summaries/_internaldb/datamodel_summary"
"org_idx_cluster1","PROD-IDXC-1|indexer","IDX1|IDX2|IDX3","_internal_forwarder","org_all_indexes","volume:cold1/$_index_name/colddb",0,"","",3,,event,2592000,"volume:hot1/$_index_name/db",0,1,auto,0,0,10,0,43200,"",4294967295,200,auto,"",604801,459200,auto,60,"$SPLUNK_DB/$_index_name/thaweddb",15,0,,,,"volume:_splunk_summaries/$_index_name/datamodel_summary"
"org_idx_cluster1","PROD-IDXC-1|indexer","IDX1|IDX2|IDX3","_introspection","org_all_indexes","$SPLUNK_DB/_introspection/colddb",0,"","",7093,"16.489",event,7776000,"$SPLUNK_DB/_introspection/db",0,1,1024,0,0,10,0,604801,"2020-02-24T05:42:58+0000",4294967295,300,auto,"2020-02-02T03:34:38+0000",604801,604801,auto,60,"$SPLUNK_DB/_introspection/thaweddb",15,11162925,48,"4294967295.000","2319.003","volume:_splunk_summaries/$_index_name/datamodel_summary"
"org_idx_cluster1","PROD-IDXC-1|indexer","IDX1|IDX2|IDX3","_telemetry","org_all_indexes","$SPLUNK_DB/_telemetry/colddb",0,"","",3,"0.000",event,604800,"$SPLUNK_DB/_telemetry/db",0,1,256,0,0,10,0,604801,"2020-02-24T03:41:36+0000",4294967295,300,auto,"2020-02-21T00:00:00+0000",604801,604801,auto,60,"$SPLUNK_DB/_telemetry/thaweddb",15,44,6,"4294967295.000",,"volume:_splunk_summaries/$_index_name/datamodel_summary"
"org_idx_cluster1","PROD-IDXC-1|indexer","IDX1|IDX2|IDX3","_thefishbucket","_cluster","$SPLUNK_DB/fishbucket/colddb",0,"","",3,,event,2419200,"$SPLUNK_DB/fishbucket/db",0,1,500,0,0,10,0,604801,"",4294967295,300,auto,"",604801,604801,auto,60,"$SPLUNK_DB/fishbucket/thaweddb",15,0,,,,"volume:_splunk_summaries/fishbucket/datamodel_summary"
"org_idx_cluster1","PROD-IDXC-1|indexer","IDX1|IDX2|IDX3","access_summary","org_all_indexes","volume:cold1/$_index_name/colddb",0,"","",3,,event,2592000,"volume:hot1/$_index_name/db",0,0,auto,0,0,10,0,604801,"",4294967295,300,auto,"",604801,604801,auto,60,"$SPLUNK_DB/$_index_name/thaweddb",15,0,,,,"volume:_splunk_summaries/$_index_name/datamodel_summary"
"org_idx_cluster1","PROD-IDXC-1|indexer","IDX1|IDX2|IDX3","access_summary2","org_all_indexes","volume:cold1/$_index_name/colddb",0,"","",3,,event,2592000,"volume:hot1/$_index_name/db",0,0,auto,0,0,10,0,604801,"",4294967295,300,auto,"",604801,604801,auto,60,"$SPLUNK_DB/$_index_name/thaweddb",15,0,,,,"volume:_splunk_summaries/$_index_name/datamodel_summary"
"org_idx_cluster1","PROD-IDXC-1|indexer","IDX1|IDX2|IDX3",acs,"org_all_indexes","volume:cold1/$_index_name/colddb",0,"","",3,,event,2592000,"volume:hot1/$_index_name/db",0,0,auto,0,0,10,0,604801,"",4294967295,300,auto,"",604801,604801,auto,60,"$SPLUNK_DB/$_index_name/thaweddb",15,0,,,,"volume:_splunk_summaries/$_index_name/datamodel_summary"
"org_idx_cluster1","PROD-IDXC-1|indexer","IDX1|IDX2|IDX3","add_on_builder_index","org_all_indexes","volume:cold1/$_index_name/colddb",0,"","",3,"0.000",event,7776000,"volume:hot1/$_index_name/db",0,0,auto,0,0,10,0,604801,"2020-02-22T05:35:22+0000",4294967295,300,auto,"2020-02-18T14:32:27+0000",604801,604801,auto,60,"$SPLUNK_DB/$_index_name/thaweddb",15,4848,8,"4294967295.000","0.188","volume:_splunk_summaries/$_index_name/datamodel_summary"
"org_idx_cluster1","PROD-IDXC-1|indexer","IDX1|IDX2|IDX3","af-cms-drugs","org_all_indexes","volume:cold1/$_index_name/colddb",0,"","",3,,event,2592000,"volume:hot1/$_index_name/db",0,0,auto,0,0,10,0,604801,"",4294967295,300,auto,"",604801,604801,auto,60,"$SPLUNK_DB/$_index_name/thaweddb",15,0,,,,"volume:_splunk_summaries/$_index_name/datamodel_summary"
"org_idx_cluster1","PROD-IDXC-1|indexer","IDX1|IDX2|IDX3","af-cms-excl","org_all_indexes","volume:cold1/$_index_name/colddb",0,"","",3,,event,2592000,"volume:hot1/$_index_name/db",0,0,auto,0,0,10,0,604801,"",4294967295,300,auto,"",604801,604801,auto,60,"$SPLUNK_DB/$_index_name/thaweddb",15,0,,,,"volume:_splunk_summaries/$_index_name/datamodel_summary"
"org_idx_cluster1","PROD-IDXC-1|indexer","IDX1|IDX2|IDX3","af-cms-paydocs","org_all_indexes","volume:cold1/$_index_name/colddb",0,"","",3,,event,2592000,"volume:hot1/$_index_name/db",0,0,auto,0,0,10,0,604801,"",4294967295,300,auto,"",604801,604801,auto,60,"$SPLUNK_DB/$_index_name/thaweddb",15,0,,,,"volume:_splunk_summaries/$_index_name/datamodel_summary"
"org_idx_cluster1","PROD-IDXC-1|indexer","IDX1|IDX2|IDX3","af-cms-summ","org_all_indexes","volume:cold1/$_index_name/colddb",0,"","",3,,event,2592000,"volume:hot1/$_index_name/db",0,0,auto,0,0,10,0,604801,"",4294967295,300,auto,"",604801,604801,auto,60,"$SPLUNK_DB/$_index_name/thaweddb",15,0,,,,"volume:_splunk_summaries/$_index_name/datamodel_summary"
"org_idx_cluster1","PROD-IDXC-1|indexer","IDX1|IDX2|IDX3","af_wt_bank_trans","org_all_indexes","volume:cold1/$_index_name/colddb",0,"","",3,,event,2592000,"volume:hot1/$_index_name/db",0,0,auto,0,0,10,0,604801,"",4294967295,300,auto,"",604801,604801,auto,60,"$SPLUNK_DB/$_index_name/thaweddb",15,0,,,,"volume:_splunk_summaries/$_index_name/datamodel_summary"
"org_idx_cluster1","PROD-IDXC-1|indexer","IDX1|IDX2|IDX3","af_wt_fraud_notables","org_all_indexes","volume:cold1/$_index_name/colddb",0,"","",3,,event,2592000,"volume:hot1/$_index_name/db",0,0,auto,0,0,10,0,604801,"",4294967295,300,auto,"",604801,604801,auto,60,"$SPLUNK_DB/$_index_name/thaweddb",15,0,,,,"volume:_splunk_summaries/$_index_name/datamodel_summary"
"org_idx_cluster1","PROD-IDXC-1|indexer","IDX1|IDX2|IDX3","af_wt_sum_acct_profile_target_acct","org_all_indexes","volume:cold1/$_index_name/colddb",0,"","",3,,event,2592000,"volume:hot1/$_index_name/db",0,0,auto,0,0,10,0,604801,"",4294967295,300,auto,"",604801,604801,auto,60,"$SPLUNK_DB/$_index_name/thaweddb",15,0,,,,"volume:_splunk_summaries/$_index_name/datamodel_summary"
"org_idx_cluster1","PROD-IDXC-1|indexer","IDX1|IDX2|IDX3","af_wt_sum_fds_stats","org_all_indexes","volume:cold1/$_index_name/colddb",0,"","",3,,event,2592000,"volume:hot1/$_index_name/db",0,0,auto,0,0,10,0,604801,"",4294967295,300,auto,"",604801,604801,auto,60,"$SPLUNK_DB/$_index_name/thaweddb",15,0,,,,"volume:_splunk_summaries/$_index_name/datamodel_summary"
"org_idx_cluster1","PROD-IDXC-1|indexer","IDX1|IDX2|IDX3",apache,"org_all_indexes","volume:cold1/$_index_name/colddb",0,"","",3,,event,2592000,"volume:hot1/$_index_name/db",0,0,auto,0,0,10,0,604801,"",4294967295,300,auto,"",604801,604801,auto,60,"$SPLUNK_DB/$_index_name/thaweddb",15,0,,,,"volume:_splunk_summaries/$_index_name/datamodel_summary"
"org_idx_cluster1","PROD-IDXC-1|indexer","IDX1|IDX2|IDX3",apic,"org_all_indexes","volume:cold1/$_index_name/colddb",0,"","",3,,event,2592000,"volume:hot1/$_index_name/db",0,0,auto,0,0,10,0,604801,"",4294967295,300,auto,"",604801,604801,auto,60,"$SPLUNK_DB/$_index_name/thaweddb",15,0,,,,"volume:_splunk_summaries/$_index_name/datamodel_summary"
"org_idx_cluster1","PROD-IDXC-1|indexer","IDX1|IDX2|IDX3",appmsad,"org_all_indexes","volume:cold1/$_index_name/colddb",0,"","",3,"0.000",event,2592000,"volume:hot1/$_index_name/db",0,0,auto,0,0,10,0,604801,"2020-02-19T23:30:30+0000",4294967295,300,auto,"2020-02-13T10:25:39+0000",604801,604801,auto,60,"$SPLUNK_DB/$_index_name/thaweddb",15,192,3,"4294967295.000","0.132","volume:_splunk_summaries/$_index_name/datamodel_summary"
"org_idx_cluster1","PROD-IDXC-1|indexer","IDX1|IDX2|IDX3",appmsadmon,"org_all_indexes","volume:cold1/$_index_name/colddb",0,"","",8,"0.000",event,31536000,"volume:hot1/$_index_name/db",0,0,auto,0,0,10,0,604801,"2020-02-20T22:01:29+0000",4294967295,300,auto,"2020-02-09T19:06:12+0000",604801,604801,auto,60,"$SPLUNK_DB/$_index_name/thaweddb",15,5728,11,"4294967295.000","30.922","volume:_splunk_summaries/$_index_name/datamodel_summary"
"org_idx_cluster1","PROD-IDXC-1|indexer","IDX1|IDX2|IDX3",appmsadsec,"org_all_indexes","volume:cold1/$_index_name/colddb",0,"","",3,,event,2592000,"volume:hot1/$_index_name/db",0,0,auto,0,0,10,0,604801,"",4294967295,300,auto,"",604801,604801,auto,60,"$SPLUNK_DB/$_index_name/thaweddb",15,0,,,,"volume:_splunk_summaries/$_index_name/datamodel_summary"
"org_idx_cluster1","PROD-IDXC-1|indexer","IDX1|IDX2|IDX3",apps,"org_all_indexes","volume:cold1/$_index_name/colddb",0,"","",3,,event,2592000,"volume:hot1/$_index_name/db",0,0,auto,0,0,10,0,604801,"",4294967295,300,auto,"",604801,604801,auto,60,"$SPLUNK_DB/$_index_name/thaweddb",15,0,,,,"volume:_splunk_summaries/$_index_name/datamodel_summary"
"org_idx_cluster1","PROD-IDXC-1|indexer","IDX1|IDX2|IDX3",assets,"org_all_indexes","volume:cold1/$_index_name/colddb",0,"","",3,,event,2592000,"volume:hot1/$_index_name/db",0,0,auto,0,0,10,0,604801,"",4294967295,300,auto,"",604801,604801,auto,60,"$SPLUNK_DB/$_index_name/thaweddb",15,0,,,,"volume:_splunk_summaries/$_index_name/datamodel_summary"
"org_idx_cluster1","PROD-IDXC-1|indexer","IDX1|IDX2|IDX3","audit_summary","org_all_indexes","volume:cold1/$_index_name/colddb",0,"","",3,"0.000",event,2592000,"volume:hot1/$_index_name/db",0,0,auto,0,0,10,0,604801,"2020-02-24T05:01:02+0000",4294967295,300,auto,"2020-02-14T05:02:31+0000",604801,604801,auto,60,"$SPLUNK_DB/$_index_name/thaweddb",15,3465,"7.666666666666667","4294967295.000","0.559","volume:_splunk_summaries/$_index_name/datamodel_summary"
"org_idx_cluster1","PROD-IDXC-1|indexer","IDX1|IDX2|IDX3","audit_summary2","org_all_indexes","volume:cold1/$_index_name/colddb",0,"","",3,,event,2592000,"volume:hot1/$_index_name/db",0,0,auto,0,0,10,0,604801,"",4294967295,300,auto,"",604801,604801,auto,60,"$SPLUNK_DB/$_index_name/thaweddb",15,0,,,,"volume:_splunk_summaries/$_index_name/datamodel_summary"
"org_idx_cluster1","PROD-IDXC-1|indexer","IDX1|IDX2|IDX3",autopatch,"org_all_indexes","volume:cold1/$_index_name/colddb",0,"","",3,,event,2592000,"volume:hot1/$_index_name/db",0,0,auto,0,0,10,0,604801,"",4294967295,300,auto,"",604801,604801,auto,60,"$SPLUNK_DB/$_index_name/thaweddb",15,0,,,,"volume:_splunk_summaries/$_index_name/datamodel_summary"
"org_idx_cluster1","PROD-IDXC-1|indexer","IDX1|IDX2|IDX3",aws,"org_all_indexes","volume:cold1/$_index_name/colddb",0,"","",3,,event,2592000,"volume:hot1/$_index_name/db",0,0,auto,0,0,10,0,604801,"",4294967295,300,auto,"",604801,604801,auto,60,"$SPLUNK_DB/$_index_name/thaweddb",15,0,,,,"volume:_splunk_summaries/$_index_name/datamodel_summary"
"org_idx_cluster1","PROD-IDXC-1|indexer","IDX1|IDX2|IDX3","aws-cloudtrail","org_all_indexes","volume:cold1/$_index_name/colddb",0,"","",3,,event,2592000,"volume:hot1/$_index_name/db",0,0,auto,0,0,10,0,604801,"",4294967295,300,auto,"",604801,604801,auto,60,"$SPLUNK_DB/$_index_name/thaweddb",15,0,,,,"volume:_splunk_summaries/$_index_name/datamodel_summary"
"org_idx_cluster1","PROD-IDXC-1|indexer","IDX1|IDX2|IDX3","aws-config","org_all_indexes","volume:cold1/$_index_name/colddb",0,"","",3,,event,2592000,"volume:hot1/$_index_name/db",0,0,auto,0,0,10,0,604801,"",4294967295,300,auto,"",604801,604801,auto,60,"$SPLUNK_DB/$_index_name/thaweddb",15,0,,,,"volume:_splunk_summaries/$_index_name/datamodel_summary"
"org_idx_cluster1","PROD-IDXC-1|indexer","IDX1|IDX2|IDX3","aws-data","org_all_indexes","volume:cold1/$_index_name/colddb",0,"","",3,,event,2592000,"volume:hot1/$_index_name/db",0,0,auto,0,0,10,0,604801,"",4294967295,300,auto,"",604801,604801,auto,60,"$SPLUNK_DB/$_index_name/thaweddb",15,0,,,,"volume:_splunk_summaries/$_index_name/datamodel_summary"
"org_idx_cluster1","PROD-IDXC-1|indexer","IDX1|IDX2|IDX3","aws_anomaly_detection","org_all_indexes","volume:cold1/$_index_name/colddb",0,"","",3,,event,2592000,"volume:hot1/$_index_name/db",0,0,auto,0,0,10,0,604801,"",4294967295,300,auto,"",604801,604801,auto,60,"$SPLUNK_DB/$_index_name/thaweddb",15,0,,,,"volume:_splunk_summaries/$_index_name/datamodel_summary"
"org_idx_cluster1","PROD-IDXC-1|indexer","IDX1|IDX2|IDX3","aws_topology_daily_snapshot","org_all_indexes","volume:cold1/$_index_name/colddb",0,"","",3,,event,2592000,"volume:hot1/$_index_name/db",0,0,auto,0,0,10,0,604801,"",4294967295,300,auto,"",604801,604801,auto,60,"$SPLUNK_DB/$_index_name/thaweddb",15,0,,,,"volume:_splunk_summaries/$_index_name/datamodel_summary"
"org_idx_cluster1","PROD-IDXC-1|indexer","IDX1|IDX2|IDX3","aws_topology_history","org_all_indexes","volume:cold1/$_index_name/colddb",0,"","",3,,event,2592000,"volume:hot1/$_index_name/db",0,0,auto,0,0,10,0,604801,"",4294967295,300,auto,"",604801,604801,auto,60,"$SPLUNK_DB/$_index_name/thaweddb",15,0,,,,"volume:_splunk_summaries/$_index_name/datamodel_summary"
"org_idx_cluster1","PROD-IDXC-1|indexer","IDX1|IDX2|IDX3","aws_topology_monthly_snapshot","org_all_indexes","volume:cold1/$_index_name/colddb",0,"","",3,,event,2592000,"volume:hot1/$_index_name/db",0,0,auto,0,0,10,0,604801,"",4294967295,300,auto,"",604801,604801,auto,60,"$SPLUNK_DB/$_index_name/thaweddb",15,0,,,,"volume:_splunk_summaries/$_index_name/datamodel_summary"
"org_idx_cluster1","PROD-IDXC-1|indexer","IDX1|IDX2|IDX3","aws_topology_playback","org_all_indexes","volume:cold1/$_index_name/colddb",0,"","",3,,event,2592000,"volume:hot1/$_index_name/db",0,0,auto,0,0,10,0,604801,"",4294967295,300,auto,"",604801,604801,auto,60,"$SPLUNK_DB/$_index_name/thaweddb",15,0,,,,"volume:_splunk_summaries/$_index_name/datamodel_summary"
"org_idx_cluster1","PROD-IDXC-1|indexer","IDX1|IDX2|IDX3","aws_vpc_flow_logs","org_all_indexes","volume:cold1/$_index_name/colddb",0,"","",3,,event,2592000,"volume:hot1/$_index_name/db",0,0,auto,0,0,10,0,604801,"",4294967295,300,auto,"",604801,604801,auto,60,"$SPLUNK_DB/$_index_name/thaweddb",15,0,,,,"volume:_splunk_summaries/$_index_name/datamodel_summary"
"org_idx_cluster1","PROD-IDXC-1|indexer","IDX1|IDX2|IDX3",bro,"org_all_indexes","volume:cold1/$_index_name/colddb",0,"","",3,,event,2592000,"volume:hot1/$_index_name/db",0,0,auto,0,0,10,0,604801,"",4294967295,300,auto,"",604801,604801,auto,60,"$SPLUNK_DB/$_index_name/thaweddb",15,0,,,,"volume:_splunk_summaries/$_index_name/datamodel_summary"
"org_idx_cluster1","PROD-IDXC-1|indexer","IDX1|IDX2|IDX3","cim_modactions","org_all_indexes","volume:cold1/$_index_name/colddb",0,"","",68,"0.000",event,2592000,"volume:hot1/$_index_name/db",0,0,auto,0,0,10,0,604801,"2020-02-24T05:10:13+0000",4294967295,300,auto,"2020-02-06T14:50:04+0000",604801,604801,auto,60,"$SPLUNK_DB/$_index_name/thaweddb",15,1675856,"21.666666666666668","4294967295.000","321.699","volume:_splunk_summaries/$_index_name/datamodel_summary"
"org_idx_cluster1","PROD-IDXC-1|indexer","IDX1|IDX2|IDX3","cim_summary","org_all_indexes","volume:cold1/$_index_name/colddb",0,"","",3,,event,2592000,"volume:hot1/$_index_name/db",0,0,auto,0,0,10,0,604801,"",4294967295,300,auto,"",604801,604801,auto,60,"$SPLUNK_DB/$_index_name/thaweddb",15,0,,,,"volume:_splunk_summaries/$_index_name/datamodel_summary"
"org_idx_cluster1","PROD-IDXC-1|indexer","IDX1|IDX2|IDX3",cloudplatform,"org_all_indexes","volume:cold1/$_index_name/colddb",0,"","",3,,event,2592000,"volume:hot1/$_index_name/db",0,0,auto,0,0,10,0,604801,"",4294967295,300,auto,"",604801,604801,auto,60,"$SPLUNK_DB/$_index_name/thaweddb",15,0,,,,"volume:_splunk_summaries/$_index_name/datamodel_summary"
"org_idx_cluster1","PROD-IDXC-1|indexer","IDX1|IDX2|IDX3",conf,"org_all_indexes","volume:cold1/$_index_name/colddb",0,"","",3,,event,2592000,"volume:hot1/$_index_name/db",0,0,auto,0,0,10,0,604801,"",4294967295,300,auto,"",604801,604801,auto,60,"$SPLUNK_DB/$_index_name/thaweddb",15,0,,,,"volume:_splunk_summaries/$_index_name/datamodel_summary"
"org_idx_cluster1","PROD-IDXC-1|indexer","IDX1|IDX2|IDX3",dap,"org_all_indexes","volume:cold1/$_index_name/colddb",0,"","",3,,event,2592000,"volume:hot1/$_index_name/db",0,0,auto,0,0,10,0,604801,"",4294967295,300,auto,"",604801,604801,auto,60,"$SPLUNK_DB/$_index_name/thaweddb",15,0,,,,"volume:_splunk_summaries/$_index_name/datamodel_summary"
"org_idx_cluster1","PROD-IDXC-1|indexer","IDX1|IDX2|IDX3",datascience,"org_all_indexes","volume:cold1/$_index_name/colddb",0,"","",3,,event,2592000,"volume:hot1/$_index_name/db",0,0,auto,0,0,10,0,604801,"",4294967295,300,auto,"",604801,604801,auto,60,"$SPLUNK_DB/$_index_name/thaweddb",15,0,,,,"volume:_splunk_summaries/$_index_name/datamodel_summary"
"org_idx_cluster1","PROD-IDXC-1|indexer","IDX1|IDX2|IDX3",dbx,"org_all_indexes","volume:cold1/$_index_name/colddb",0,"","",3,,event,2592000,"volume:hot1/$_index_name/db",0,0,auto,0,0,10,0,604801,"",4294967295,300,auto,"",604801,604801,auto,60,"$SPLUNK_DB/$_index_name/thaweddb",15,0,,,,"volume:_splunk_summaries/$_index_name/datamodel_summary"
"org_idx_cluster1","PROD-IDXC-1|indexer","IDX1|IDX2|IDX3",dlp,"org_all_indexes","volume:cold1/$_index_name/colddb",0,"","",3,,event,2592000,"volume:hot1/$_index_name/db",0,0,auto,0,0,10,0,604801,"",4294967295,300,auto,"",604801,604801,auto,60,"$SPLUNK_DB/$_index_name/thaweddb",15,0,,,,"volume:_splunk_summaries/$_index_name/datamodel_summary"
"org_idx_cluster1","PROD-IDXC-1|indexer","IDX1|IDX2|IDX3",dns,"org_all_indexes","volume:cold1/$_index_name/colddb",0,"","",3,,event,2592000,"volume:hot1/$_index_name/db",0,0,auto,0,0,10,0,604801,"",4294967295,300,auto,"",604801,604801,auto,60,"$SPLUNK_DB/$_index_name/thaweddb",15,0,,,,"volume:_splunk_summaries/$_index_name/datamodel_summary"
"org_idx_cluster1","PROD-IDXC-1|indexer","IDX1|IDX2|IDX3",edge,"org_all_indexes","volume:cold1/$_index_name/colddb",0,"","",3,,event,2592000,"volume:hot1/$_index_name/db",0,0,auto,0,0,10,0,604801,"",4294967295,300,auto,"",604801,604801,auto,60,"$SPLUNK_DB/$_index_name/thaweddb",15,0,,,,"volume:_splunk_summaries/$_index_name/datamodel_summary"
"org_idx_cluster1","PROD-IDXC-1|indexer","IDX1|IDX2|IDX3",elasticsearch,"org_all_indexes","volume:cold1/$_index_name/colddb",0,"","",3,,event,2592000,"volume:hot1/$_index_name/db",0,0,auto,0,0,10,0,604801,"",4294967295,300,auto,"",604801,604801,auto,60,"$SPLUNK_DB/$_index_name/thaweddb",15,0,,,,"volume:_splunk_summaries/$_index_name/datamodel_summary"
"org_idx_cluster1","PROD-IDXC-1|indexer","IDX1|IDX2|IDX3","endpoint_summary","org_all_indexes","volume:cold1/$_index_name/colddb",0,"","",5,"0.000",event,2592000,"volume:hot1/$_index_name/db",0,0,auto,0,0,10,0,604801,"2020-02-24T04:50:03+0000",4294967295,300,auto,"2020-02-12T07:50:10+0000",604801,604801,auto,60,"$SPLUNK_DB/$_index_name/thaweddb",15,10333,"20.333333333333332","4294967295.000","1.522","volume:_splunk_summaries/$_index_name/datamodel_summary"
"org_idx_cluster1","PROD-IDXC-1|indexer","IDX1|IDX2|IDX3","endpoint_summary2","org_all_indexes","volume:cold1/$_index_name/colddb",0,"","",3,,event,2592000,"volume:hot1/$_index_name/db",0,0,auto,0,0,10,0,604801,"",4294967295,300,auto,"",604801,604801,auto,60,"$SPLUNK_DB/$_index_name/thaweddb",15,0,,,,"volume:_splunk_summaries/$_index_name/datamodel_summary"
"org_idx_cluster1","PROD-IDXC-1|indexer","IDX1|IDX2|IDX3",epav,"org_all_indexes","volume:cold1/$_index_name/colddb",0,"","",16392,"1277.798",event,2592000,"volume:hot1/$_index_name/db",0,0,auto,0,0,10,0,604801,"2020-02-24T05:42:24+0000",4294967295,300,auto,"2020-02-09T04:52:41+0000",604801,604801,auto,60,"$SPLUNK_DB/$_index_name/thaweddb",15,80758637,"60.333333333333336","4294967295.000","23550.949","volume:_splunk_summaries/$_index_name/datamodel_summary"
"org_idx_cluster1","PROD-IDXC-1|indexer","IDX1|IDX2|IDX3",epintel,"org_all_indexes","volume:cold1/$_index_name/colddb",0,"","",3,,event,2592000,"volume:hot1/$_index_name/db",0,0,auto,0,0,10,0,604801,"",4294967295,300,auto,"",604801,604801,auto,60,"$SPLUNK_DB/$_index_name/thaweddb",15,0,,,,"volume:_splunk_summaries/$_index_name/datamodel_summary"
"org_idx_cluster1","PROD-IDXC-1|indexer","IDX1|IDX2|IDX3",estreamer,"org_all_indexes","volume:cold1/$_index_name/colddb",0,"","",3,,event,2592000,"volume:hot1/$_index_name/db",0,0,auto,0,0,10,0,604801,"",4294967295,300,auto,"",604801,604801,auto,60,"$SPLUNK_DB/$_index_name/thaweddb",15,0,,,,"volume:_splunk_summaries/$_index_name/datamodel_summary"
"org_idx_cluster1","PROD-IDXC-1|indexer","IDX1|IDX2|IDX3",eventgen,"org_all_indexes","volume:cold1/$_index_name/colddb",0,"","",11866,"2933.793",event,7776000,"volume:hot1/$_index_name/db",0,0,auto,0,0,10,0,604801,"2020-02-24T05:42:17+0000",4294967295,300,auto,"2020-02-11T00:07:34+0000",604801,604801,auto,60,"$SPLUNK_DB/$_index_name/thaweddb",15,118369674,42,"4294967295.000","14346.513","volume:_splunk_summaries/$_index_name/datamodel_summary"
"org_idx_cluster1","PROD-IDXC-1|indexer","IDX1|IDX2|IDX3",firedalerts,"org_all_indexes","volume:cold1/$_index_name/colddb",0,"","",3,,event,2592000,"volume:hot1/$_index_name/db",0,0,auto,0,0,10,0,604801,"",4294967295,300,auto,"",604801,604801,auto,60,"$SPLUNK_DB/$_index_name/thaweddb",15,0,,,,"volume:_splunk_summaries/$_index_name/datamodel_summary"
"org_idx_cluster1","PROD-IDXC-1|indexer","IDX1|IDX2|IDX3",ftp,"org_all_indexes","volume:cold1/$_index_name/colddb",0,"","",3,,event,2592000,"volume:hot1/$_index_name/db",0,0,auto,0,0,10,0,604801,"",4294967295,300,auto,"",604801,604801,auto,60,"$SPLUNK_DB/$_index_name/thaweddb",15,0,,,,"volume:_splunk_summaries/$_index_name/datamodel_summary"
"org_idx_cluster1","PROD-IDXC-1|indexer","IDX1|IDX2|IDX3",fweb,"org_all_indexes","volume:cold1/$_index_name/colddb",0,"","",3,,event,2592000,"volume:hot1/$_index_name/db",0,0,auto,0,0,10,0,604801,"",4294967295,300,auto,"",604801,604801,auto,60,"$SPLUNK_DB/$_index_name/thaweddb",15,0,,,,"volume:_splunk_summaries/$_index_name/datamodel_summary"
"org_idx_cluster1","PROD-IDXC-1|indexer","IDX1|IDX2|IDX3",gemfire,"org_all_indexes","volume:cold1/$_index_name/colddb",0,"","",3,,event,2592000,"volume:hot1/$_index_name/db",0,0,auto,0,0,10,0,604801,"",4294967295,300,auto,"",604801,604801,auto,60,"$SPLUNK_DB/$_index_name/thaweddb",15,0,,,,"volume:_splunk_summaries/$_index_name/datamodel_summary"
"org_idx_cluster1","PROD-IDXC-1|indexer","IDX1|IDX2|IDX3","gia_summary","org_all_indexes","volume:cold1/$_index_name/colddb",0,"","",3,,event,2592000,"volume:hot1/$_index_name/db",0,0,auto,0,0,10,0,604801,"",4294967295,300,auto,"",604801,604801,auto,60,"$SPLUNK_DB/$_index_name/thaweddb",15,0,,,,"volume:_splunk_summaries/$_index_name/datamodel_summary"
"org_idx_cluster1","PROD-IDXC-1|indexer","IDX1|IDX2|IDX3",greenplum,"org_all_indexes","volume:cold1/$_index_name/colddb",0,"","",3,,event,2592000,"volume:hot1/$_index_name/db",0,0,auto,0,0,10,0,604801,"",4294967295,300,auto,"",604801,604801,auto,60,"$SPLUNK_DB/$_index_name/thaweddb",15,0,,,,"volume:_splunk_summaries/$_index_name/datamodel_summary"
"org_idx_cluster1","PROD-IDXC-1|indexer","IDX1|IDX2|IDX3",gso,"org_all_indexes","volume:cold1/$_index_name/colddb",0,"","",3,,event,2592000,"volume:hot1/$_index_name/db",0,0,auto,0,0,10,0,604801,"",4294967295,300,auto,"",604801,604801,auto,60,"$SPLUNK_DB/$_index_name/thaweddb",15,0,,,,"volume:_splunk_summaries/$_index_name/datamodel_summary"
"org_idx_cluster1","PROD-IDXC-1|indexer","IDX1|IDX2|IDX3",history,"org_all_indexes","volume:cold1/historydb/colddb",0,"","",3,,event,604800,"volume:hot1/historydb/db",0,0,10,0,0,10,0,604801,"",4294967295,300,auto,"",604801,604801,auto,60,"$SPLUNK_DB/historydb/thaweddb",15,0,,,,"volume:_splunk_summaries/historydb/datamodel_summary"
"org_idx_cluster1","PROD-IDXC-1|indexer","IDX1|IDX2|IDX3",hydra,"org_all_indexes","volume:cold1/$_index_name/colddb",0,"","",3,,event,2592000,"volume:hot1/$_index_name/db",0,0,auto,0,0,10,0,604801,"",4294967295,300,auto,"",604801,604801,auto,60,"$SPLUNK_DB/$_index_name/thaweddb",15,0,,,,"volume:_splunk_summaries/$_index_name/datamodel_summary"
"org_idx_cluster1","PROD-IDXC-1|indexer","IDX1|IDX2|IDX3",identities,"org_all_indexes","volume:cold1/$_index_name/colddb",0,"","",3,,event,2592000,"volume:hot1/$_index_name/db",0,0,auto,0,0,10,0,604801,"",4294967295,300,auto,"",604801,604801,auto,60,"$SPLUNK_DB/$_index_name/thaweddb",15,0,,,,"volume:_splunk_summaries/$_index_name/datamodel_summary"
"org_idx_cluster1","PROD-IDXC-1|indexer","IDX1|IDX2|IDX3",ioc,"org_all_indexes","volume:cold1/$_index_name/colddb",0,"","",3,,event,2592000,"volume:hot1/$_index_name/db",0,0,auto,0,0,10,0,604801,"",4294967295,300,auto,"",604801,604801,auto,60,"$SPLUNK_DB/$_index_name/thaweddb",15,0,,,,"volume:_splunk_summaries/$_index_name/datamodel_summary"
"org_idx_cluster1","PROD-IDXC-1|indexer","IDX1|IDX2|IDX3","iot_pm","org_all_indexes","volume:cold1/$_index_name/colddb",0,"","",12,"0.000",event,2592000,"volume:hot1/$_index_name/db",0,0,auto,0,0,10,0,604801,"2020-02-21T03:17:53+0000",4294967295,300,auto,"",604801,604801,auto,60,"$SPLUNK_DB/$_index_name/thaweddb",15,45351,1,"4294967295.000",,"volume:_splunk_summaries/$_index_name/datamodel_summary"
"org_idx_cluster1","PROD-IDXC-1|indexer","IDX1|IDX2|IDX3",journald,"org_all_indexes","volume:cold1/$_index_name/colddb",0,"","",3,,event,2592000,"volume:hot1/$_index_name/db",0,0,auto,0,0,10,0,604801,"",4294967295,300,auto,"",604801,604801,auto,60,"$SPLUNK_DB/$_index_name/thaweddb",15,0,,,,"volume:_splunk_summaries/$_index_name/datamodel_summary"
"org_idx_cluster1","PROD-IDXC-1|indexer","IDX1|IDX2|IDX3",legacy,"org_all_indexes","volume:cold1/$_index_name/colddb",0,"","",3,,event,2592000,"volume:hot1/$_index_name/db",0,0,auto,0,0,10,0,604801,"",4294967295,300,auto,"",604801,604801,auto,60,"$SPLUNK_DB/$_index_name/thaweddb",15,0,,,,"volume:_splunk_summaries/$_index_name/datamodel_summary"
"org_idx_cluster1","PROD-IDXC-1|indexer","IDX1|IDX2|IDX3",linux,"org_all_indexes","volume:cold1/$_index_name/colddb",0,"","",3,,event,2592000,"volume:hot1/$_index_name/db",0,0,auto,0,0,10,0,604801,"",4294967295,300,auto,"",604801,604801,auto,60,"$SPLUNK_DB/$_index_name/thaweddb",15,0,,,,"volume:_splunk_summaries/$_index_name/datamodel_summary"
"org_idx_cluster1","PROD-IDXC-1|indexer","IDX1|IDX2|IDX3",main,"org_all_indexes","volume:cold1/defaultdb/colddb",0,"","",490,"0.000",event,2592000,"volume:hot1/defaultdb/db",0,0,"auto_high_volume",0,0,10,86400,604801,"2020-02-24T05:42:42+0000",4294967295,300,auto,"2018-08-09T03:13:20+0000",604801,604801,auto,60,"$SPLUNK_DB/defaultdb/thaweddb",15,1708435,43,"4294967295.000","1773.163","volume:_splunk_summaries/defaultdb/datamodel_summary"
"org_idx_cluster1","PROD-IDXC-1|indexer","IDX1|IDX2|IDX3","maxmind_tracker","org_all_indexes","volume:cold1/$_index_name/colddb",0,"","",3,,event,2592000,"volume:hot1/$_index_name/db",0,0,auto,0,0,10,0,604801,"",4294967295,300,auto,"",604801,604801,auto,60,"$SPLUNK_DB/$_index_name/thaweddb",15,0,,,,"volume:_splunk_summaries/$_index_name/datamodel_summary"
"org_idx_cluster1","PROD-IDXC-1|indexer","IDX1|IDX2|IDX3",misc,"org_all_indexes","volume:cold1/$_index_name/colddb",0,"","",3,,event,2592000,"volume:hot1/$_index_name/db",0,0,auto,0,0,10,0,604801,"",4294967295,300,auto,"",604801,604801,auto,60,"$SPLUNK_DB/$_index_name/thaweddb",15,0,,,,"volume:_splunk_summaries/$_index_name/datamodel_summary"
"org_idx_cluster1","PROD-IDXC-1|indexer","IDX1|IDX2|IDX3",mongodb,"org_all_indexes","volume:cold1/$_index_name/colddb",0,"","",3,,event,2592000,"volume:hot1/$_index_name/db",0,0,auto,0,0,10,0,604801,"",4294967295,300,auto,"",604801,604801,auto,60,"$SPLUNK_DB/$_index_name/thaweddb",15,0,,,,"volume:_splunk_summaries/$_index_name/datamodel_summary"
"org_idx_cluster1","PROD-IDXC-1|indexer","IDX1|IDX2|IDX3",msad,"org_all_indexes","volume:cold1/$_index_name/colddb",0,"","",3,,event,2592000,"volume:hot1/$_index_name/db",0,0,auto,0,0,10,0,604801,"",4294967295,300,auto,"",604801,604801,auto,60,"$SPLUNK_DB/$_index_name/thaweddb",15,0,,,,"volume:_splunk_summaries/$_index_name/datamodel_summary"
"org_idx_cluster1","PROD-IDXC-1|indexer","IDX1|IDX2|IDX3",msexchange,"org_all_indexes","volume:cold1/$_index_name/colddb",0,"","",3,,event,2592000,"volume:hot1/$_index_name/db",0,0,auto,0,0,10,0,604801,"",4294967295,300,auto,"",604801,604801,auto,60,"$SPLUNK_DB/$_index_name/thaweddb",15,0,,,,"volume:_splunk_summaries/$_index_name/datamodel_summary"
"org_idx_cluster1","PROD-IDXC-1|indexer","IDX1|IDX2|IDX3",named,"org_all_indexes","volume:cold1/$_index_name/colddb",0,"","",3,,event,2592000,"volume:hot1/$_index_name/db",0,0,auto,0,0,10,0,604801,"",4294967295,300,auto,"",604801,604801,auto,60,"$SPLUNK_DB/$_index_name/thaweddb",15,0,,,,"volume:_splunk_summaries/$_index_name/datamodel_summary"
"org_idx_cluster1","PROD-IDXC-1|indexer","IDX1|IDX2|IDX3",netfw,"org_all_indexes","volume:cold1/$_index_name/colddb",0,"","",3,,event,2592000,"volume:hot1/$_index_name/db",0,0,auto,0,0,10,0,604801,"",4294967295,300,auto,"",604801,604801,auto,60,"$SPLUNK_DB/$_index_name/thaweddb",15,0,,,,"volume:_splunk_summaries/$_index_name/datamodel_summary"
"org_idx_cluster1","PROD-IDXC-1|indexer","IDX1|IDX2|IDX3",netipam,"org_all_indexes","volume:cold1/$_index_name/colddb",0,"","",3,,event,2592000,"volume:hot1/$_index_name/db",0,0,auto,0,0,10,0,604801,"",4294967295,300,auto,"",604801,604801,auto,60,"$SPLUNK_DB/$_index_name/thaweddb",15,0,,,,"volume:_splunk_summaries/$_index_name/datamodel_summary"
"org_idx_cluster1","PROD-IDXC-1|indexer","IDX1|IDX2|IDX3","network_summary","org_all_indexes","volume:cold1/$_index_name/colddb",0,"","",3,,event,2592000,"volume:hot1/$_index_name/db",0,0,auto,0,0,10,0,604801,"",4294967295,300,auto,"",604801,604801,auto,60,"$SPLUNK_DB/$_index_name/thaweddb",15,0,,,,"volume:_splunk_summaries/$_index_name/datamodel_summary"
"org_idx_cluster1","PROD-IDXC-1|indexer","IDX1|IDX2|IDX3","network_summary2","org_all_indexes","volume:cold1/$_index_name/colddb",0,"","",3,,event,2592000,"volume:hot1/$_index_name/db",0,0,auto,0,0,10,0,604801,"",4294967295,300,auto,"",604801,604801,auto,60,"$SPLUNK_DB/$_index_name/thaweddb",15,0,,,,"volume:_splunk_summaries/$_index_name/datamodel_summary"
"org_idx_cluster1","PROD-IDXC-1|indexer","IDX1|IDX2|IDX3","network_summary3","org_all_indexes","volume:cold1/$_index_name/colddb",0,"","",3,,event,2592000,"volume:hot1/$_index_name/db",0,0,auto,0,0,10,0,604801,"",4294967295,300,auto,"",604801,604801,auto,60,"$SPLUNK_DB/$_index_name/thaweddb",15,0,,,,"volume:_splunk_summaries/$_index_name/datamodel_summary"
"org_idx_cluster1","PROD-IDXC-1|indexer","IDX1|IDX2|IDX3",nginx,"org_all_indexes","volume:cold1/$_index_name/colddb",0,"","",3,,event,2592000,"volume:hot1/$_index_name/db",0,0,auto,0,0,10,0,604801,"",4294967295,300,auto,"",604801,604801,auto,60,"$SPLUNK_DB/$_index_name/thaweddb",15,0,,,,"volume:_splunk_summaries/$_index_name/datamodel_summary"
"org_idx_cluster1","PROD-IDXC-1|indexer","IDX1|IDX2|IDX3",notable,"org_all_indexes","volume:cold1/$_index_name/colddb",0,"","",79,"38.722",event,7776000,"volume:hot1/$_index_name/db",0,0,auto,0,0,10,0,604801,"2020-02-24T05:00:11+0000",4294967295,300,auto,"2020-02-06T14:50:04+0000",604801,604801,auto,60,"$SPLUNK_DB/$_index_name/thaweddb",15,565660,"22.333333333333332","4294967295.000","121.240","volume:_splunk_summaries/$_index_name/datamodel_summary"
"org_idx_cluster1","PROD-IDXC-1|indexer","IDX1|IDX2|IDX3","notable_summary","org_all_indexes","volume:cold1/$_index_name/colddb",0,"","",3,,event,2592000,"volume:hot1/$_index_name/db",0,0,auto,0,0,10,0,604801,"",4294967295,300,auto,"",604801,604801,auto,60,"$SPLUNK_DB/$_index_name/thaweddb",15,0,,,,"volume:_splunk_summaries/$_index_name/datamodel_summary"
"org_idx_cluster1","PROD-IDXC-1|indexer","IDX1|IDX2|IDX3",openplatform,"org_all_indexes","volume:cold1/$_index_name/colddb",0,"","",3,,event,2592000,"volume:hot1/$_index_name/db",0,0,auto,0,0,10,0,604801,"",4294967295,300,auto,"",604801,604801,auto,60,"$SPLUNK_DB/$_index_name/thaweddb",15,0,,,,"volume:_splunk_summaries/$_index_name/datamodel_summary"
"org_idx_cluster1","PROD-IDXC-1|indexer","IDX1|IDX2|IDX3",optive,"org_all_indexes","volume:cold1/$_index_name/colddb",0,"","",3,,event,2592000,"volume:hot1/$_index_name/db",0,0,auto,0,0,10,0,604801,"",4294967295,300,auto,"",604801,604801,auto,60,"$SPLUNK_DB/$_index_name/thaweddb",15,0,,,,"volume:_splunk_summaries/$_index_name/datamodel_summary"
"org_idx_cluster1","PROD-IDXC-1|indexer","IDX1|IDX2|IDX3",os,"org_all_indexes","volume:cold1/$_index_name/colddb",0,"","",3,,event,2592000,"volume:hot1/$_index_name/db",0,0,auto,0,0,10,0,604801,"",4294967295,300,auto,"",604801,604801,auto,60,"$SPLUNK_DB/$_index_name/thaweddb",15,0,,,,"volume:_splunk_summaries/$_index_name/datamodel_summary"
"org_idx_cluster1","PROD-IDXC-1|indexer","IDX1|IDX2|IDX3",osnix,"org_all_indexes","volume:cold1/$_index_name/colddb",0,"","",3,,event,2592000,"volume:hot1/$_index_name/db",0,0,auto,0,0,10,0,604801,"",4294967295,300,auto,"",604801,604801,auto,60,"$SPLUNK_DB/$_index_name/thaweddb",15,0,,,,"volume:_splunk_summaries/$_index_name/datamodel_summary"
"org_idx_cluster1","PROD-IDXC-1|indexer","IDX1|IDX2|IDX3",osnixbash,"org_all_indexes","volume:cold1/$_index_name/colddb",0,"","",3,,event,2592000,"volume:hot1/$_index_name/db",0,0,auto,0,0,10,0,604801,"",4294967295,300,auto,"",604801,604801,auto,60,"$SPLUNK_DB/$_index_name/thaweddb",15,0,,,,"volume:_splunk_summaries/$_index_name/datamodel_summary"
"org_idx_cluster1","PROD-IDXC-1|indexer","IDX1|IDX2|IDX3",osnixetc,"org_all_indexes","volume:cold1/$_index_name/colddb",0,"","",3,,event,2592000,"volume:hot1/$_index_name/db",0,0,auto,0,0,10,0,604801,"",4294967295,300,auto,"",604801,604801,auto,60,"$SPLUNK_DB/$_index_name/thaweddb",15,0,,,,"volume:_splunk_summaries/$_index_name/datamodel_summary"
"org_idx_cluster1","PROD-IDXC-1|indexer","IDX1|IDX2|IDX3",osnixperf,"org_all_indexes","volume:cold1/$_index_name/colddb",0,"","",145,"0.000",event,2592000,"volume:hot1/$_index_name/db",0,0,auto,0,0,10,0,604801,"2020-02-24T05:42:51+0000",4294967295,300,auto,"2020-02-16T16:33:12+0000",604801,604801,auto,60,"$SPLUNK_DB/$_index_name/thaweddb",15,130419,23,"4294967295.000","658.326","volume:_splunk_summaries/$_index_name/datamodel_summary"
"org_idx_cluster1","PROD-IDXC-1|indexer","IDX1|IDX2|IDX3",osnixscript,"org_all_indexes","volume:cold1/$_index_name/colddb",0,"","",3,,event,2592000,"volume:hot1/$_index_name/db",0,0,auto,0,0,10,0,604801,"",4294967295,300,auto,"",604801,604801,auto,60,"$SPLUNK_DB/$_index_name/thaweddb",15,0,,,,"volume:_splunk_summaries/$_index_name/datamodel_summary"
"org_idx_cluster1","PROD-IDXC-1|indexer","IDX1|IDX2|IDX3",osnixsec,"org_all_indexes","volume:cold1/$_index_name/colddb",0,"","",16628,"2509.589",event,2592000,"volume:hot1/$_index_name/db",0,0,auto,0,0,10,0,604801,"2020-02-24T05:42:08+0000",4294967295,300,auto,"2020-02-08T23:10:41+0000",604801,604801,auto,60,"$SPLUNK_DB/$_index_name/thaweddb",15,185850111,50,"4294967295.000","13355.119","volume:_splunk_summaries/$_index_name/datamodel_summary"
"org_idx_cluster1","PROD-IDXC-1|indexer","IDX1|IDX2|IDX3",oswin,"org_all_indexes","volume:cold1/$_index_name/colddb",0,"","",3,,event,2592000,"volume:hot1/$_index_name/db",0,0,auto,0,0,10,0,604801,"",4294967295,300,auto,"",604801,604801,auto,60,"$SPLUNK_DB/$_index_name/thaweddb",15,0,,,,"volume:_splunk_summaries/$_index_name/datamodel_summary"
"org_idx_cluster1","PROD-IDXC-1|indexer","IDX1|IDX2|IDX3",oswinmetrics,"org_all_indexes","volume:cold1/$_index_name/colddb",0,"","",3,"0.000",event,2592000,"volume:hot1/$_index_name/db",0,0,auto,0,0,10,0,604801,"2020-02-20T01:00:19+0000",4294967295,300,auto,"2020-02-20T00:54:59+0000",604801,604801,auto,60,"$SPLUNK_DB/$_index_name/thaweddb",15,2076,4,"4294967295.000","0.257","volume:_splunk_summaries/$_index_name/datamodel_summary"
"org_idx_cluster1","PROD-IDXC-1|indexer","IDX1|IDX2|IDX3",oswinperf,"org_all_indexes","volume:cold1/$_index_name/colddb",0,"","",3,,event,2592000,"volume:hot1/$_index_name/db",0,0,auto,0,0,10,0,604801,"",4294967295,300,auto,"",604801,604801,auto,60,"$SPLUNK_DB/$_index_name/thaweddb",15,0,,,,"volume:_splunk_summaries/$_index_name/datamodel_summary"
"org_idx_cluster1","PROD-IDXC-1|indexer","IDX1|IDX2|IDX3",oswinreg,"org_all_indexes","volume:cold1/$_index_name/colddb",0,"","",3,,event,2592000,"volume:hot1/$_index_name/db",0,0,auto,0,0,10,0,604801,"",4294967295,300,auto,"",604801,604801,auto,60,"$SPLUNK_DB/$_index_name/thaweddb",15,0,,,,"volume:_splunk_summaries/$_index_name/datamodel_summary"
"org_idx_cluster1","PROD-IDXC-1|indexer","IDX1|IDX2|IDX3",oswinscript,"org_all_indexes","volume:cold1/$_index_name/colddb",0,"","",47,"0.000",event,2592000,"volume:hot1/$_index_name/db",0,0,auto,0,0,10,0,604801,"2020-02-24T05:40:59+0000",4294967295,300,auto,"2020-02-09T19:05:18+0000",604801,604801,auto,60,"$SPLUNK_DB/$_index_name/thaweddb",15,226966,"21.666666666666668","4294967295.000","57.867","volume:_splunk_summaries/$_index_name/datamodel_summary"
"org_idx_cluster1","PROD-IDXC-1|indexer","IDX1|IDX2|IDX3",oswinsec,"org_all_indexes","volume:cold1/$_index_name/colddb",0,"","",14866,"1498.601",event,2592000,"volume:hot1/$_index_name/db",0,0,auto,0,0,10,0,604801,"2020-02-24T05:42:12+0000",4294967295,300,auto,"2020-02-09T17:39:48+0000",604801,604801,auto,60,"$SPLUNK_DB/$_index_name/thaweddb",15,45593883,"51.666666666666664","4294967295.000","28059.780","volume:_splunk_summaries/$_index_name/datamodel_summary"
"org_idx_cluster1","PROD-IDXC-1|indexer","IDX1|IDX2|IDX3",pci,"org_all_indexes","volume:cold1/$_index_name/colddb",0,"","",3,,event,2592000,"volume:hot1/$_index_name/db",0,0,auto,0,0,10,0,604801,"",4294967295,300,auto,"",604801,604801,auto,60,"$SPLUNK_DB/$_index_name/thaweddb",15,0,,,,"volume:_splunk_summaries/$_index_name/datamodel_summary"
"org_idx_cluster1","PROD-IDXC-1|indexer","IDX1|IDX2|IDX3","pci_posture_summary","org_all_indexes","volume:cold1/$_index_name/colddb",0,"","",3,,event,2592000,"volume:hot1/$_index_name/db",0,0,auto,0,0,10,0,604801,"",4294967295,300,auto,"",604801,604801,auto,60,"$SPLUNK_DB/$_index_name/thaweddb",15,0,,,,"volume:_splunk_summaries/$_index_name/datamodel_summary"
"org_idx_cluster1","PROD-IDXC-1|indexer","IDX1|IDX2|IDX3","pci_summary","org_all_indexes","volume:cold1/$_index_name/colddb",0,"","",3,,event,2592000,"volume:hot1/$_index_name/db",0,0,auto,0,0,10,0,604801,"",4294967295,300,auto,"",604801,604801,auto,60,"$SPLUNK_DB/$_index_name/thaweddb",15,0,,,,"volume:_splunk_summaries/$_index_name/datamodel_summary"
"org_idx_cluster1","PROD-IDXC-1|indexer","IDX1|IDX2|IDX3",perfmon,"org_all_indexes","volume:cold1/$_index_name/colddb",0,"","",3,,event,2592000,"volume:hot1/$_index_name/db",0,0,auto,0,0,10,0,604801,"",4294967295,300,auto,"",604801,604801,auto,60,"$SPLUNK_DB/$_index_name/thaweddb",15,0,,,,"volume:_splunk_summaries/$_index_name/datamodel_summary"
"org_idx_cluster1","PROD-IDXC-1|indexer","IDX1|IDX2|IDX3","phantom_action_run","org_all_indexes","volume:cold1/$_index_name/colddb",0,"","",3,,event,2592000,"volume:hot1/$_index_name/db",0,0,auto,0,0,10,0,604801,"",4294967295,300,auto,"",604801,604801,auto,60,"$SPLUNK_DB/$_index_name/thaweddb",15,0,,,,"volume:_splunk_summaries/$_index_name/datamodel_summary"
"org_idx_cluster1","PROD-IDXC-1|indexer","IDX1|IDX2|IDX3","phantom_app","org_all_indexes","volume:cold1/$_index_name/colddb",0,"","",3,,event,2592000,"volume:hot1/$_index_name/db",0,0,auto,0,0,10,0,604801,"",4294967295,300,auto,"",604801,604801,auto,60,"$SPLUNK_DB/$_index_name/thaweddb",15,0,,,,"volume:_splunk_summaries/$_index_name/datamodel_summary"
"org_idx_cluster1","PROD-IDXC-1|indexer","IDX1|IDX2|IDX3","phantom_app_run","org_all_indexes","volume:cold1/$_index_name/colddb",0,"","",3,,event,2592000,"volume:hot1/$_index_name/db",0,0,auto,0,0,10,0,604801,"",4294967295,300,auto,"",604801,604801,auto,60,"$SPLUNK_DB/$_index_name/thaweddb",15,0,,,,"volume:_splunk_summaries/$_index_name/datamodel_summary"
"org_idx_cluster1","PROD-IDXC-1|indexer","IDX1|IDX2|IDX3","phantom_artifact","org_all_indexes","volume:cold1/$_index_name/colddb",0,"","",3,,event,2592000,"volume:hot1/$_index_name/db",0,0,auto,0,0,10,0,604801,"",4294967295,300,auto,"",604801,604801,auto,60,"$SPLUNK_DB/$_index_name/thaweddb",15,0,,,,"volume:_splunk_summaries/$_index_name/datamodel_summary"
"org_idx_cluster1","PROD-IDXC-1|indexer","IDX1|IDX2|IDX3","phantom_asset","org_all_indexes","volume:cold1/$_index_name/colddb",0,"","",3,,event,2592000,"volume:hot1/$_index_name/db",0,0,auto,0,0,10,0,604801,"",4294967295,300,auto,"",604801,604801,auto,60,"$SPLUNK_DB/$_index_name/thaweddb",15,0,,,,"volume:_splunk_summaries/$_index_name/datamodel_summary"
"org_idx_cluster1","PROD-IDXC-1|indexer","IDX1|IDX2|IDX3","phantom_audit","org_all_indexes","volume:cold1/$_index_name/colddb",0,"","",3,,event,2592000,"volume:hot1/$_index_name/db",0,0,auto,0,0,10,0,604801,"",4294967295,300,auto,"",604801,604801,auto,60,"$SPLUNK_DB/$_index_name/thaweddb",15,0,,,,"volume:_splunk_summaries/$_index_name/datamodel_summary"
"org_idx_cluster1","PROD-IDXC-1|indexer","IDX1|IDX2|IDX3","phantom_container","org_all_indexes","volume:cold1/$_index_name/colddb",0,"","",3,,event,2592000,"volume:hot1/$_index_name/db",0,0,auto,0,0,10,0,604801,"",4294967295,300,auto,"",604801,604801,auto,60,"$SPLUNK_DB/$_index_name/thaweddb",15,0,,,,"volume:_splunk_summaries/$_index_name/datamodel_summary"
"org_idx_cluster1","PROD-IDXC-1|indexer","IDX1|IDX2|IDX3","phantom_container_attachment","org_all_indexes","volume:cold1/$_index_name/colddb",0,"","",3,,event,2592000,"volume:hot1/$_index_name/db",0,0,auto,0,0,10,0,604801,"",4294967295,300,auto,"",604801,604801,auto,60,"$SPLUNK_DB/$_index_name/thaweddb",15,0,,,,"volume:_splunk_summaries/$_index_name/datamodel_summary"
"org_idx_cluster1","PROD-IDXC-1|indexer","IDX1|IDX2|IDX3","phantom_container_comment","org_all_indexes","volume:cold1/$_index_name/colddb",0,"","",3,,event,2592000,"volume:hot1/$_index_name/db",0,0,auto,0,0,10,0,604801,"",4294967295,300,auto,"",604801,604801,auto,60,"$SPLUNK_DB/$_index_name/thaweddb",15,0,,,,"volume:_splunk_summaries/$_index_name/datamodel_summary"
"org_idx_cluster1","PROD-IDXC-1|indexer","IDX1|IDX2|IDX3","phantom_container_note","org_all_indexes","volume:cold1/$_index_name/colddb",0,"","",3,,event,2592000,"volume:hot1/$_index_name/db",0,0,auto,0,0,10,0,604801,"",4294967295,300,auto,"",604801,604801,auto,60,"$SPLUNK_DB/$_index_name/thaweddb",15,0,,,,"volume:_splunk_summaries/$_index_name/datamodel_summary"
"org_idx_cluster1","PROD-IDXC-1|indexer","IDX1|IDX2|IDX3","phantom_decided_list","org_all_indexes","volume:cold1/$_index_name/colddb",0,"","",3,,event,2592000,"volume:hot1/$_index_name/db",0,0,auto,0,0,10,0,604801,"",4294967295,300,auto,"",604801,604801,auto,60,"$SPLUNK_DB/$_index_name/thaweddb",15,0,,,,"volume:_splunk_summaries/$_index_name/datamodel_summary"
"org_idx_cluster1","PROD-IDXC-1|indexer","IDX1|IDX2|IDX3","phantom_docs","org_all_indexes","volume:cold1/$_index_name/colddb",0,"","",3,,event,2592000,"volume:hot1/$_index_name/db",0,0,auto,0,0,10,0,604801,"",4294967295,300,auto,"",604801,604801,auto,60,"$SPLUNK_DB/$_index_name/thaweddb",15,0,,,,"volume:_splunk_summaries/$_index_name/datamodel_summary"
"org_idx_cluster1","PROD-IDXC-1|indexer","IDX1|IDX2|IDX3","phantom_note","org_all_indexes","volume:cold1/$_index_name/colddb",0,"","",3,,event,2592000,"volume:hot1/$_index_name/db",0,0,auto,0,0,10,0,604801,"",4294967295,300,auto,"",604801,604801,auto,60,"$SPLUNK_DB/$_index_name/thaweddb",15,0,,,,"volume:_splunk_summaries/$_index_name/datamodel_summary"
"org_idx_cluster1","PROD-IDXC-1|indexer","IDX1|IDX2|IDX3","phantom_playbook","org_all_indexes","volume:cold1/$_index_name/colddb",0,"","",3,,event,2592000,"volume:hot1/$_index_name/db",0,0,auto,0,0,10,0,604801,"",4294967295,300,auto,"",604801,604801,auto,60,"$SPLUNK_DB/$_index_name/thaweddb",15,0,,,,"volume:_splunk_summaries/$_index_name/datamodel_summary"
"org_idx_cluster1","PROD-IDXC-1|indexer","IDX1|IDX2|IDX3","phantom_workflow_note","org_all_indexes","volume:cold1/$_index_name/colddb",0,"","",3,,event,2592000,"volume:hot1/$_index_name/db",0,0,auto,0,0,10,0,604801,"",4294967295,300,auto,"",604801,604801,auto,60,"$SPLUNK_DB/$_index_name/thaweddb",15,0,,,,"volume:_splunk_summaries/$_index_name/datamodel_summary"
"org_idx_cluster1","PROD-IDXC-1|indexer","IDX1|IDX2|IDX3","pi-health","org_all_indexes","volume:cold1/$_index_name/colddb",0,"","",3,,event,2592000,"volume:hot1/$_index_name/db",0,0,auto,0,0,10,0,604801,"",4294967295,300,auto,"",604801,604801,auto,60,"$SPLUNK_DB/$_index_name/thaweddb",15,0,,,,"volume:_splunk_summaries/$_index_name/datamodel_summary"
"org_idx_cluster1","PROD-IDXC-1|indexer","IDX1|IDX2|IDX3","power_of_spl","org_all_indexes","volume:cold1/$_index_name/colddb",0,"","",3,,event,2592000,"volume:hot1/$_index_name/db",0,0,auto,0,0,10,0,604801,"",4294967295,300,auto,"",604801,604801,auto,60,"$SPLUNK_DB/$_index_name/thaweddb",15,0,,,,"volume:_splunk_summaries/$_index_name/datamodel_summary"
"org_idx_cluster1","PROD-IDXC-1|indexer","IDX1|IDX2|IDX3","provider-family","org_all_indexes","volume:cold1/$_index_name/colddb",0,"","",3,,event,2592000,"volume:hot1/$_index_name/db",0,0,auto,0,0,10,0,604801,"",4294967295,300,auto,"",604801,604801,auto,60,"$SPLUNK_DB/$_index_name/thaweddb",15,0,,,,"volume:_splunk_summaries/$_index_name/datamodel_summary"
"org_idx_cluster1","PROD-IDXC-1|indexer","IDX1|IDX2|IDX3","proxy_center_summary","org_all_indexes","volume:cold1/$_index_name/colddb",0,"","",3,,event,2592000,"volume:hot1/$_index_name/db",0,0,auto,0,0,10,0,604801,"",4294967295,300,auto,"",604801,604801,auto,60,"$SPLUNK_DB/$_index_name/thaweddb",15,0,,,,"volume:_splunk_summaries/$_index_name/datamodel_summary"
"org_idx_cluster1","PROD-IDXC-1|indexer","IDX1|IDX2|IDX3","proxy_center_summary2","org_all_indexes","volume:cold1/$_index_name/colddb",0,"","",3,,event,2592000,"volume:hot1/$_index_name/db",0,0,auto,0,0,10,0,604801,"",4294967295,300,auto,"",604801,604801,auto,60,"$SPLUNK_DB/$_index_name/thaweddb",15,0,,,,"volume:_splunk_summaries/$_index_name/datamodel_summary"
"org_idx_cluster1","PROD-IDXC-1|indexer","IDX1|IDX2|IDX3",proxysg,"org_all_indexes","volume:cold1/$_index_name/colddb",0,"","",3,,event,2592000,"volume:hot1/$_index_name/db",0,0,auto,0,0,10,0,604801,"",4294967295,300,auto,"",604801,604801,auto,60,"$SPLUNK_DB/$_index_name/thaweddb",15,0,,,,"volume:_splunk_summaries/$_index_name/datamodel_summary"
"org_idx_cluster1","PROD-IDXC-1|indexer","IDX1|IDX2|IDX3",quoteexpress,"org_all_indexes","volume:cold1/$_index_name/colddb",0,"","",3,,event,2592000,"volume:hot1/$_index_name/db",0,0,auto,0,0,10,0,604801,"",4294967295,300,auto,"",604801,604801,auto,60,"$SPLUNK_DB/$_index_name/thaweddb",15,0,,,,"volume:_splunk_summaries/$_index_name/datamodel_summary"
"org_idx_cluster1","PROD-IDXC-1|indexer","IDX1|IDX2|IDX3",rapid7,"org_all_indexes","volume:cold1/$_index_name/colddb",0,"","",3,,event,2592000,"volume:hot1/$_index_name/db",0,0,auto,0,0,10,0,604801,"",4294967295,300,auto,"",604801,604801,auto,60,"$SPLUNK_DB/$_index_name/thaweddb",15,0,,,,"volume:_splunk_summaries/$_index_name/datamodel_summary"
"org_idx_cluster1","PROD-IDXC-1|indexer","IDX1|IDX2|IDX3",risk,"org_all_indexes","volume:cold1/$_index_name/colddb",0,"","",72,"19.933",event,2592000,"volume:hot1/$_index_name/db",0,0,auto,0,0,10,0,604801,"2020-02-24T05:10:16+0000",4294967295,300,auto,"2020-02-06T14:50:05+0000",604801,604801,auto,60,"$SPLUNK_DB/$_index_name/thaweddb",15,459334,24,"4294967295.000","103.016","volume:_splunk_summaries/$_index_name/datamodel_summary"
"org_idx_cluster1","PROD-IDXC-1|indexer","IDX1|IDX2|IDX3",rsa,"org_all_indexes","volume:cold1/$_index_name/colddb",0,"","",3,,event,2592000,"volume:hot1/$_index_name/db",0,0,auto,0,0,10,0,604801,"",4294967295,300,auto,"",604801,604801,auto,60,"$SPLUNK_DB/$_index_name/thaweddb",15,0,,,,"volume:_splunk_summaries/$_index_name/datamodel_summary"
"org_idx_cluster1","PROD-IDXC-1|indexer","IDX1|IDX2|IDX3",sample,"org_all_indexes","volume:cold1/$_index_name/colddb",0,"","",3,,event,2592000,"volume:hot1/$_index_name/db",0,0,auto,0,0,10,0,604801,"",4294967295,300,auto,"",604801,604801,auto,60,"$SPLUNK_DB/$_index_name/thaweddb",15,0,,,,"volume:_splunk_summaries/$_index_name/datamodel_summary"
"org_idx_cluster1","PROD-IDXC-1|indexer","IDX1|IDX2|IDX3","security_getting_started","org_all_indexes","volume:cold1/$_index_name/colddb",0,"","",3,,event,2592000,"volume:hot1/$_index_name/db",0,0,auto,0,0,10,0,604801,"",4294967295,300,auto,"",604801,604801,auto,60,"$SPLUNK_DB/$_index_name/thaweddb",15,0,,,,"volume:_splunk_summaries/$_index_name/datamodel_summary"
"org_idx_cluster1","PROD-IDXC-1|indexer","IDX1|IDX2|IDX3","session_end","org_all_indexes","volume:cold1/$_index_name/colddb",0,"","",3,,event,2592000,"volume:hot1/$_index_name/db",0,0,auto,0,0,10,0,604801,"",4294967295,300,auto,"",604801,604801,auto,60,"$SPLUNK_DB/$_index_name/thaweddb",15,0,,,,"volume:_splunk_summaries/$_index_name/datamodel_summary"
"org_idx_cluster1","PROD-IDXC-1|indexer","IDX1|IDX2|IDX3","session_start","org_all_indexes","volume:cold1/$_index_name/colddb",0,"","",3,,event,2592000,"volume:hot1/$_index_name/db",0,0,auto,0,0,10,0,604801,"",4294967295,300,auto,"",604801,604801,auto,60,"$SPLUNK_DB/$_index_name/thaweddb",15,0,,,,"volume:_splunk_summaries/$_index_name/datamodel_summary"
"org_idx_cluster1","PROD-IDXC-1|indexer","IDX1|IDX2|IDX3",sgs,"org_all_indexes","volume:cold1/$_index_name/colddb",0,"","",3,,event,2592000,"volume:hot1/$_index_name/db",0,0,auto,0,0,10,0,604801,"",4294967295,300,auto,"",604801,604801,auto,60,"$SPLUNK_DB/$_index_name/thaweddb",15,0,,,,"volume:_splunk_summaries/$_index_name/datamodel_summary"
"org_idx_cluster1","PROD-IDXC-1|indexer","IDX1|IDX2|IDX3","si_conf","org_all_indexes","volume:cold1/$_index_name/colddb",0,"","",3,,event,2592000,"volume:hot1/$_index_name/db",0,0,auto,0,0,10,0,604801,"",4294967295,300,auto,"",604801,604801,auto,60,"$SPLUNK_DB/$_index_name/thaweddb",15,0,,,,"volume:_splunk_summaries/$_index_name/datamodel_summary"
"org_idx_cluster1","PROD-IDXC-1|indexer","IDX1|IDX2|IDX3","si_index","org_all_indexes","volume:cold1/$_index_name/colddb",0,"","",3,,event,2592000,"volume:hot1/$_index_name/db",0,0,auto,0,0,10,0,604801,"",4294967295,300,auto,"",604801,604801,auto,60,"$SPLUNK_DB/$_index_name/thaweddb",15,0,,,,"volume:_splunk_summaries/$_index_name/datamodel_summary"
"org_idx_cluster1","PROD-IDXC-1|indexer","IDX1|IDX2|IDX3",sos,"org_all_indexes","volume:cold1/$_index_name/colddb",0,"","",3,,event,2592000,"volume:hot1/$_index_name/db",0,0,auto,0,0,10,0,604801,"",4294967295,300,auto,"",604801,604801,auto,60,"$SPLUNK_DB/$_index_name/thaweddb",15,0,,,,"volume:_splunk_summaries/$_index_name/datamodel_summary"
"org_idx_cluster1","PROD-IDXC-1|indexer","IDX1|IDX2|IDX3","sos_summary_daily","org_all_indexes","volume:cold1/$_index_name/colddb",0,"","",3,,event,2592000,"volume:hot1/$_index_name/db",0,0,auto,0,0,10,0,604801,"",4294967295,300,auto,"",604801,604801,auto,60,"$SPLUNK_DB/$_index_name/thaweddb",15,0,,,,"volume:_splunk_summaries/$_index_name/datamodel_summary"
"org_idx_cluster1","PROD-IDXC-1|indexer","IDX1|IDX2|IDX3",splunklogger,"_cluster","$SPLUNK_DB/splunklogger/colddb",0,"","",0,,event,2592000,"$SPLUNK_DB/splunklogger/db",0,0,auto,0,0,10,0,604801,"",4294967295,300,auto,"",604801,604801,auto,60,"$SPLUNK_DB/splunklogger/thaweddb",15,0,,,,"volume:_splunk_summaries/$_index_name/datamodel_summary"
"org_idx_cluster1","PROD-IDXC-1|indexer","IDX1|IDX2|IDX3",summary,"org_all_indexes","$SPLUNK_DB/summarydb/colddb",0,"","",3,,event,2592000,"$SPLUNK_DB/summarydb/db",0,0,auto,0,0,10,0,604801,"",4294967295,300,auto,"",604801,604801,auto,60,"$SPLUNK_DB/summarydb/thaweddb",15,0,,,,"volume:_splunk_summaries/summarydb/datamodel_summary"
"org_idx_cluster1","PROD-IDXC-1|indexer","IDX1|IDX2|IDX3","syslog_unclassified","org_all_indexes","volume:cold1/$_index_name/colddb",0,"","",3,,event,2592000,"volume:hot1/$_index_name/db",0,0,auto,0,0,10,0,604801,"",4294967295,300,auto,"",604801,604801,auto,60,"$SPLUNK_DB/$_index_name/thaweddb",15,0,,,,"volume:_splunk_summaries/$_index_name/datamodel_summary"
"org_idx_cluster1","PROD-IDXC-1|indexer","IDX1|IDX2|IDX3",sysmessage,"org_all_indexes","volume:cold1/$_index_name/colddb",0,"","",3,,event,2592000,"volume:hot1/$_index_name/db",0,0,auto,0,0,10,0,604801,"",4294967295,300,auto,"",604801,604801,auto,60,"$SPLUNK_DB/$_index_name/thaweddb",15,0,,,,"volume:_splunk_summaries/$_index_name/datamodel_summary"
"org_idx_cluster1","PROD-IDXC-1|indexer","IDX1|IDX2|IDX3","threat_activity","org_all_indexes","volume:cold1/$_index_name/colddb",0,"","",13,"5.585",event,2592000,"volume:hot1/$_index_name/db",0,0,auto,0,0,10,0,604801,"2020-02-24T05:15:00+0000",4294967295,300,auto,"2020-02-08T03:15:00+0000",604801,604801,auto,60,"$SPLUNK_DB/$_index_name/thaweddb",15,126426,"29.333333333333332","4294967295.000","42.822","volume:_splunk_summaries/$_index_name/datamodel_summary"
"org_idx_cluster1","PROD-IDXC-1|indexer","IDX1|IDX2|IDX3","traffic_center_summary","org_all_indexes","volume:cold1/$_index_name/colddb",0,"","",3,,event,2592000,"volume:hot1/$_index_name/db",0,0,auto,0,0,10,0,604801,"",4294967295,300,auto,"",604801,604801,auto,60,"$SPLUNK_DB/$_index_name/thaweddb",15,0,,,,"volume:_splunk_summaries/$_index_name/datamodel_summary"
"org_idx_cluster1","PROD-IDXC-1|indexer","IDX1|IDX2|IDX3","traffic_center_summary2","org_all_indexes","volume:cold1/$_index_name/colddb",0,"","",3,,event,2592000,"volume:hot1/$_index_name/db",0,0,auto,0,0,10,0,604801,"",4294967295,300,auto,"",604801,604801,auto,60,"$SPLUNK_DB/$_index_name/thaweddb",15,0,,,,"volume:_splunk_summaries/$_index_name/datamodel_summary"
"org_idx_cluster1","PROD-IDXC-1|indexer","IDX1|IDX2|IDX3","tutorial_data","org_all_indexes","volume:cold1/$_index_name/colddb",0,"","",3,,event,2592000,"volume:hot1/$_index_name/db",0,0,auto,0,0,10,0,604801,"",4294967295,300,auto,"",604801,604801,auto,60,"$SPLUNK_DB/$_index_name/thaweddb",15,0,,,,"volume:_splunk_summaries/$_index_name/datamodel_summary"
"org_idx_cluster1","PROD-IDXC-1|indexer","IDX1|IDX2|IDX3",ubaroute,"org_all_indexes","volume:cold1/$_index_name/colddb",0,"","",3,,event,2592000,"volume:hot1/$_index_name/db",0,0,auto,0,0,10,0,604801,"",4294967295,300,auto,"",604801,604801,auto,60,"$SPLUNK_DB/$_index_name/thaweddb",15,0,,,,"volume:_splunk_summaries/$_index_name/datamodel_summary"
"org_idx_cluster1","PROD-IDXC-1|indexer","IDX1|IDX2|IDX3",ueba,"org_all_indexes","volume:cold1/$_index_name/colddb",0,"","",3,,event,2592000,"volume:hot1/$_index_name/db",0,0,auto,0,0,10,0,604801,"",4294967295,300,auto,"",604801,604801,auto,60,"$SPLUNK_DB/$_index_name/thaweddb",15,0,,,,"volume:_splunk_summaries/$_index_name/datamodel_summary"
"org_idx_cluster1","PROD-IDXC-1|indexer","IDX1|IDX2|IDX3",uli,"org_all_indexes","volume:cold1/$_index_name/colddb",0,"","",3,,event,2592000,"volume:hot1/$_index_name/db",0,0,auto,0,0,10,0,604801,"",4294967295,300,auto,"",604801,604801,auto,60,"$SPLUNK_DB/$_index_name/thaweddb",15,0,,,,"volume:_splunk_summaries/$_index_name/datamodel_summary"
"org_idx_cluster1","PROD-IDXC-1|indexer","IDX1|IDX2|IDX3","unix_summary","org_all_indexes","volume:cold1/$_index_name/colddb",0,"","",3,,event,2592000,"volume:hot1/$_index_name/db",0,0,auto,0,0,10,0,604801,"",4294967295,300,auto,"",604801,604801,auto,60,"$SPLUNK_DB/$_index_name/thaweddb",15,0,,,,"volume:_splunk_summaries/$_index_name/datamodel_summary"
"org_idx_cluster1","PROD-IDXC-1|indexer","IDX1|IDX2|IDX3",views,"org_all_indexes","volume:cold1/$_index_name/colddb",0,"","",122,"0.000",event,2592000,"volume:hot1/$_index_name/db",0,0,auto,0,0,10,0,604801,"2020-02-24T05:29:13+0000",4294967295,300,auto,"2019-12-08T03:01:09+0000",604801,604801,auto,60,"$SPLUNK_DB/$_index_name/thaweddb",15,681951,"63.666666666666664","4294967295.000","25.097","volume:_splunk_summaries/$_index_name/datamodel_summary"
"org_idx_cluster1","PROD-IDXC-1|indexer","IDX1|IDX2|IDX3",websites,"org_all_indexes","volume:cold1/$_index_name/colddb",0,"","",3,,event,2592000,"volume:hot1/$_index_name/db",0,0,auto,0,0,10,0,604801,"",4294967295,300,auto,"",604801,604801,auto,60,"$SPLUNK_DB/$_index_name/thaweddb",15,0,,,,"volume:_splunk_summaries/$_index_name/datamodel_summary"
"org_idx_cluster1","PROD-IDXC-1|indexer","IDX1|IDX2|IDX3",whois,"org_all_indexes","volume:cold1/$_index_name/colddb",0,"","",3,,event,2592000,"volume:hot1/$_index_name/db",0,0,auto,0,0,10,0,604801,"",4294967295,300,auto,"",604801,604801,auto,60,"$SPLUNK_DB/$_index_name/thaweddb",15,0,,,,"volume:_splunk_summaries/$_index_name/datamodel_summary"
"org_idx_cluster1","PROD-IDXC-1|indexer","IDX1|IDX2|IDX3",windefender,"org_all_indexes","volume:cold1/$_index_name/colddb",0,"","",3,,event,2592000,"volume:hot1/$_index_name/db",0,0,auto,0,0,10,0,604801,"",4294967295,300,auto,"",604801,604801,auto,60,"$SPLUNK_DB/$_index_name/thaweddb",15,0,,,,"volume:_splunk_summaries/$_index_name/datamodel_summary"
"org_idx_cluster1","PROD-IDXC-1|indexer","IDX1|IDX2|IDX3",wireless,"org_all_indexes","volume:cold1/$_index_name/colddb",0,"","",3,,event,2592000,"volume:hot1/$_index_name/db",0,0,auto,0,0,10,0,604801,"",4294967295,300,auto,"",604801,604801,auto,60,"$SPLUNK_DB/$_index_name/thaweddb",15,0,,,,"volume:_splunk_summaries/$_index_name/datamodel_summary"
"org_idx_cluster1","PROD-IDXC-1|indexer","IDX1|IDX2|IDX3","xtreme_contexts","org_all_indexes","volume:cold1/$_index_name/colddb",0,"","",3,,event,2592000,"volume:hot1/$_index_name/db",0,0,auto,0,0,10,0,604801,"",4294967295,300,auto,"",604801,604801,auto,60,"$SPLUNK_DB/$_index_name/thaweddb",15,0,,,,"volume:_splunk_summaries/$_index_name/datamodel_summary"
"org_idx_cluster1","PROD-IDXC-1|indexer","IDX1|IDX2|IDX3",yapl,"org_all_indexes","volume:cold1/$_index_name/colddb",0,"","",3,,event,2592000,"volume:hot1/$_index_name/db",0,0,auto,0,0,10,0,604801,"",4294967295,300,auto,"",604801,604801,auto,60,"$SPLUNK_DB/$_index_name/thaweddb",15,0,,,,"volume:_splunk_summaries/$_index_name/datamodel_summary"
