"cluster_label","Splunk_Roles","Splunk_Instance","Num_Splunk_Instances",title,app,coldPath,"coldPath.maxDataSizeMB",coldToFrozenDir,coldToFrozenScript,currentDBSizeMB,"datamodel_summary_size",datatype,frozenTimePeriodInSecs,homePath,"homePath.maxDataSizeMB",isInternal,maxDataSize,maxGlobalDataSizeMB,maxGlobalRawDataSizeMB,maxHotBuckets,maxHotIdleSecs,maxHotSpanSecs,maxTime,maxTotalDataSizeMB,maxWarmDBCount,minHotIdleSecsBeforeForceRoll,minTime,quarantineFutureSecs,quarantinePastSecs,repFactor,rotatePeriodInSecs,thawedPath,throttleCheckPeriod,totalEventCount,"total_bucket_count","total_capacity","total_raw_size",tstatsHomePath,disabled
"org_idx_cluster1","PROD-IDXC-1|indexer","IDX1|IDX2|IDX3",3,"_audit","org_all_indexes","volume:cold1/audit/colddb",0,"","",886,"53.067",event,7776000,"volume:hot1/audit/db",0,1,auto,0,0,10,0,604801,"1582647309.000000",4294967295,300,auto,"1582210180.000000",604801,604801,auto,60,"$SPLUNK_DB/audit/thaweddb",15,6329893,46,"4294967295.000","1464.534","volume:_splunk_summaries/audit/datamodel_summary",0
"org_idx_cluster1","PROD-IDXC-1|indexer","IDX1|IDX2|IDX3",3,"_internal","org_all_indexes","volume:cold1/_internaldb/colddb",0,"","",20280,"54.407",event,7776000,"volume:hot1/_internaldb/db",0,1,1000,0,0,10,0,432000,"1582647308.000000",4294967295,300,auto,"1578515213.000000",604801,604801,auto,60,"$SPLUNK_DB/_internaldb/thaweddb",15,130666014,"150.66666666666666","4294967295.000","26891.119","volume:_splunk_summaries/_internaldb/datamodel_summary",0
"org_idx_cluster1","PROD-IDXC-1|indexer","IDX1|IDX2|IDX3",3,"_internal_forwarder","org_all_indexes","volume:cold2/_internal_forwarder/colddb",0,"","",3,,event,2592000,"volume:hot2/_internal_forwarder/db",0,1,auto,0,0,10,0,43200,,4294967295,200,auto,,604801,459200,auto,60,"$SPLUNK_DB/_internal_forwarder/thaweddb",15,0,,,,"volume:_splunk_summaries/$_index_name/datamodel_summary",0
"org_idx_cluster1","PROD-IDXC-1|indexer","IDX1|IDX2|IDX3",3,"_introspection","org_all_indexes","volume:cold1/_introspection/colddb",0,"","",10673,"62.316",event,7776000,"volume:hot1/_introspection/db",0,1,1024,0,0,10,0,604801,"1582647308.000000",4294967295,300,auto,"1581472054.000000",604801,604801,auto,60,"$SPLUNK_DB/_introspection/thaweddb",15,10112415,74,"4294967295.000","9549.021","volume:_splunk_summaries/$_index_name/datamodel_summary",0
"org_idx_cluster1","PROD-IDXC-1|indexer","IDX1|IDX2|IDX3",3,"_telemetry","org_all_indexes","volume:cold1/_telemetry/colddb",0,"","",3,"0.000",event,604800,"volume:hot1/_telemetry/db",0,1,256,0,0,10,0,604801,"1582624018.000000",4294967295,300,auto,"1581897600.000000",604801,604801,auto,60,"$SPLUNK_DB/_telemetry/thaweddb",15,58,8,"4294967295.000","0.006","volume:_splunk_summaries/$_index_name/datamodel_summary",0
"org_idx_cluster1","PROD-IDXC-1|indexer","IDX1|IDX2|IDX3",3,"_thefishbucket","_cluster","$SPLUNK_DB/fishbucket/colddb",0,"","",3,,event,2419200,"$SPLUNK_DB/fishbucket/db",0,1,500,0,0,10,0,604801,,4294967295,300,auto,,604801,604801,auto,60,"$SPLUNK_DB/fishbucket/thaweddb",15,0,,,,"volume:_splunk_summaries/fishbucket/datamodel_summary",0
"org_idx_cluster1","PROD-IDXC-1|indexer","IDX1|IDX2|IDX3",3,"access_summary","org_all_indexes","volume:cold1/$_index_name/colddb",0,"","",3,,event,2592000,"volume:hot1/$_index_name/db",0,0,auto,0,0,10,0,604801,,4294967295,300,auto,,604801,604801,auto,60,"$SPLUNK_DB/$_index_name/thaweddb",15,0,,,,"volume:_splunk_summaries/$_index_name/datamodel_summary",0
"org_idx_cluster1","PROD-IDXC-1|indexer","IDX1|IDX2|IDX3",3,"access_summary2","org_all_indexes","volume:cold1/$_index_name/colddb",0,"","",3,,event,2592000,"volume:hot1/$_index_name/db",0,0,auto,0,0,10,0,604801,,4294967295,300,auto,,604801,604801,auto,60,"$SPLUNK_DB/$_index_name/thaweddb",15,0,,,,"volume:_splunk_summaries/$_index_name/datamodel_summary",0
"org_idx_cluster1","PROD-IDXC-1|indexer","IDX1|IDX2|IDX3",3,acs,"org_all_indexes","volume:cold1/$_index_name/colddb",0,"","",3,,event,2592000,"volume:hot1/$_index_name/db",0,0,auto,0,0,10,0,604801,,4294967295,300,auto,,604801,604801,auto,60,"$SPLUNK_DB/$_index_name/thaweddb",15,0,,,,"volume:_splunk_summaries/$_index_name/datamodel_summary",0
"org_idx_cluster1","PROD-IDXC-1|indexer","IDX1|IDX2|IDX3",3,"add_on_builder_index","org_all_indexes","volume:cold1/$_index_name/colddb",0,"","",3,"0.000",event,7776000,"volume:hot1/$_index_name/db",0,0,auto,0,0,10,0,604801,"1582349722.000000",4294967295,300,auto,"1582036347.000000",604801,604801,auto,60,"$SPLUNK_DB/$_index_name/thaweddb",15,4848,8,"4294967295.000","2.539","volume:_splunk_summaries/$_index_name/datamodel_summary",0
"org_idx_cluster1","PROD-IDXC-1|indexer","IDX1|IDX2|IDX3",3,"af-cms-drugs","org_all_indexes","volume:cold1/$_index_name/colddb",0,"","",3,,event,2592000,"volume:hot1/$_index_name/db",0,0,auto,0,0,10,0,604801,,4294967295,300,auto,,604801,604801,auto,60,"$SPLUNK_DB/$_index_name/thaweddb",15,0,,,,"volume:_splunk_summaries/$_index_name/datamodel_summary",0
"org_idx_cluster1","PROD-IDXC-1|indexer","IDX1|IDX2|IDX3",3,"af-cms-excl","org_all_indexes","volume:cold1/$_index_name/colddb",0,"","",3,,event,2592000,"volume:hot1/$_index_name/db",0,0,auto,0,0,10,0,604801,,4294967295,300,auto,,604801,604801,auto,60,"$SPLUNK_DB/$_index_name/thaweddb",15,0,,,,"volume:_splunk_summaries/$_index_name/datamodel_summary",0
"org_idx_cluster1","PROD-IDXC-1|indexer","IDX1|IDX2|IDX3",3,"af-cms-paydocs","org_all_indexes","volume:cold1/$_index_name/colddb",0,"","",3,,event,2592000,"volume:hot1/$_index_name/db",0,0,auto,0,0,10,0,604801,,4294967295,300,auto,,604801,604801,auto,60,"$SPLUNK_DB/$_index_name/thaweddb",15,0,,,,"volume:_splunk_summaries/$_index_name/datamodel_summary",0
"org_idx_cluster1","PROD-IDXC-1|indexer","IDX1|IDX2|IDX3",3,"af-cms-summ","org_all_indexes","volume:cold1/$_index_name/colddb",0,"","",3,,event,2592000,"volume:hot1/$_index_name/db",0,0,auto,0,0,10,0,604801,,4294967295,300,auto,,604801,604801,auto,60,"$SPLUNK_DB/$_index_name/thaweddb",15,0,,,,"volume:_splunk_summaries/$_index_name/datamodel_summary",0
"org_idx_cluster1","PROD-IDXC-1|indexer","IDX1|IDX2|IDX3",3,"af_wt_bank_trans","org_all_indexes","volume:cold1/$_index_name/colddb",0,"","",3,,event,2592000,"volume:hot1/$_index_name/db",0,0,auto,0,0,10,0,604801,,4294967295,300,auto,,604801,604801,auto,60,"$SPLUNK_DB/$_index_name/thaweddb",15,0,,,,"volume:_splunk_summaries/$_index_name/datamodel_summary",0
"org_idx_cluster1","PROD-IDXC-1|indexer","IDX1|IDX2|IDX3",3,"af_wt_fraud_notables","org_all_indexes","volume:cold1/$_index_name/colddb",0,"","",3,,event,2592000,"volume:hot1/$_index_name/db",0,0,auto,0,0,10,0,604801,,4294967295,300,auto,,604801,604801,auto,60,"$SPLUNK_DB/$_index_name/thaweddb",15,0,,,,"volume:_splunk_summaries/$_index_name/datamodel_summary",0
"org_idx_cluster1","PROD-IDXC-1|indexer","IDX1|IDX2|IDX3",3,"af_wt_sum_acct_profile_target_acct","org_all_indexes","volume:cold1/$_index_name/colddb",0,"","",3,,event,2592000,"volume:hot1/$_index_name/db",0,0,auto,0,0,10,0,604801,,4294967295,300,auto,,604801,604801,auto,60,"$SPLUNK_DB/$_index_name/thaweddb",15,0,,,,"volume:_splunk_summaries/$_index_name/datamodel_summary",0
"org_idx_cluster1","PROD-IDXC-1|indexer","IDX1|IDX2|IDX3",3,"af_wt_sum_fds_stats","org_all_indexes","volume:cold1/$_index_name/colddb",0,"","",3,,event,2592000,"volume:hot1/$_index_name/db",0,0,auto,0,0,10,0,604801,,4294967295,300,auto,,604801,604801,auto,60,"$SPLUNK_DB/$_index_name/thaweddb",15,0,,,,"volume:_splunk_summaries/$_index_name/datamodel_summary",0
"org_idx_cluster1","PROD-IDXC-1|indexer","IDX1|IDX2|IDX3",3,apache,"org_all_indexes","volume:cold1/$_index_name/colddb",0,"","",3,,event,2592000,"volume:hot1/$_index_name/db",0,0,auto,0,0,10,0,604801,,4294967295,300,auto,,604801,604801,auto,60,"$SPLUNK_DB/$_index_name/thaweddb",15,0,,,,"volume:_splunk_summaries/$_index_name/datamodel_summary",0
"org_idx_cluster1","PROD-IDXC-1|indexer","IDX1|IDX2|IDX3",3,apic,"org_all_indexes","volume:cold1/$_index_name/colddb",0,"","",3,,event,2592000,"volume:hot1/$_index_name/db",0,0,auto,0,0,10,0,604801,,4294967295,300,auto,,604801,604801,auto,60,"$SPLUNK_DB/$_index_name/thaweddb",15,0,,,,"volume:_splunk_summaries/$_index_name/datamodel_summary",0
"org_idx_cluster1","PROD-IDXC-1|indexer","IDX1|IDX2|IDX3",3,appmsad,"org_all_indexes","volume:cold1/$_index_name/colddb",0,"","",3,"0.000",event,2592000,"volume:hot1/$_index_name/db",0,0,auto,0,0,10,0,604801,"1582155030.000000",4294967295,300,auto,"1581633918.000000",604801,604801,auto,60,"$SPLUNK_DB/$_index_name/thaweddb",15,154,1,"4294967295.000","0.110","volume:_splunk_summaries/$_index_name/datamodel_summary",0
"org_idx_cluster1","PROD-IDXC-1|indexer","IDX1|IDX2|IDX3",3,appmsadmon,"org_all_indexes","volume:cold1/$_index_name/colddb",0,"","",5,"0.000",event,31536000,"volume:hot1/$_index_name/db",0,0,auto,0,0,10,0,604801,"1582236089.000000",4294967295,300,auto,"1582159447.000000",604801,604801,auto,60,"$SPLUNK_DB/$_index_name/thaweddb",15,3284,7,"4294967295.000","17.675","volume:_splunk_summaries/$_index_name/datamodel_summary",0
"org_idx_cluster1","PROD-IDXC-1|indexer","IDX1|IDX2|IDX3",3,appmsadsec,"org_all_indexes","volume:cold1/$_index_name/colddb",0,"","",3,,event,2592000,"volume:hot1/$_index_name/db",0,0,auto,0,0,10,0,604801,,4294967295,300,auto,,604801,604801,auto,60,"$SPLUNK_DB/$_index_name/thaweddb",15,0,,,,"volume:_splunk_summaries/$_index_name/datamodel_summary",0
"org_idx_cluster1","PROD-IDXC-1|indexer","IDX1|IDX2|IDX3",3,apps,"org_all_indexes","volume:cold1/$_index_name/colddb",0,"","",3,,event,2592000,"volume:hot1/$_index_name/db",0,0,auto,0,0,10,0,604801,,4294967295,300,auto,,604801,604801,auto,60,"$SPLUNK_DB/$_index_name/thaweddb",15,0,,,,"volume:_splunk_summaries/$_index_name/datamodel_summary",0
"org_idx_cluster1","PROD-IDXC-1|indexer","IDX1|IDX2|IDX3",3,assets,"org_all_indexes","volume:cold1/$_index_name/colddb",0,"","",3,,event,2592000,"volume:hot1/$_index_name/db",0,0,auto,0,0,10,0,604801,,4294967295,300,auto,,604801,604801,auto,60,"$SPLUNK_DB/$_index_name/thaweddb",15,0,,,,"volume:_splunk_summaries/$_index_name/datamodel_summary",0
"org_idx_cluster1","PROD-IDXC-1|indexer","IDX1|IDX2|IDX3",3,"audit_summary","org_all_indexes","volume:cold1/$_index_name/colddb",0,"","",3,"0.000",event,2592000,"volume:hot1/$_index_name/db",0,0,auto,0,0,10,0,604801,"1582606862.000000",4294967295,300,auto,"1581915662.000000",604801,604801,auto,60,"$SPLUNK_DB/$_index_name/thaweddb",15,2970,6,"4294967295.000","0.774","volume:_splunk_summaries/$_index_name/datamodel_summary",0
"org_idx_cluster1","PROD-IDXC-1|indexer","IDX1|IDX2|IDX3",3,"audit_summary2","org_all_indexes","volume:cold1/$_index_name/colddb",0,"","",3,,event,2592000,"volume:hot1/$_index_name/db",0,0,auto,0,0,10,0,604801,,4294967295,300,auto,,604801,604801,auto,60,"$SPLUNK_DB/$_index_name/thaweddb",15,0,,,,"volume:_splunk_summaries/$_index_name/datamodel_summary",0
"org_idx_cluster1","PROD-IDXC-1|indexer","IDX1|IDX2|IDX3",3,autopatch,"org_all_indexes","volume:cold1/$_index_name/colddb",0,"","",3,,event,2592000,"volume:hot1/$_index_name/db",0,0,auto,0,0,10,0,604801,,4294967295,300,auto,,604801,604801,auto,60,"$SPLUNK_DB/$_index_name/thaweddb",15,0,,,,"volume:_splunk_summaries/$_index_name/datamodel_summary",0
"org_idx_cluster1","PROD-IDXC-1|indexer","IDX1|IDX2|IDX3",3,aws,"org_all_indexes","volume:cold1/$_index_name/colddb",0,"","",3,,event,2592000,"volume:hot1/$_index_name/db",0,0,auto,0,0,10,0,604801,,4294967295,300,auto,,604801,604801,auto,60,"$SPLUNK_DB/$_index_name/thaweddb",15,0,,,,"volume:_splunk_summaries/$_index_name/datamodel_summary",0
"org_idx_cluster1","PROD-IDXC-1|indexer","IDX1|IDX2|IDX3",3,"aws-cloudtrail","org_all_indexes","volume:cold1/$_index_name/colddb",0,"","",3,,event,2592000,"volume:hot1/$_index_name/db",0,0,auto,0,0,10,0,604801,,4294967295,300,auto,,604801,604801,auto,60,"$SPLUNK_DB/$_index_name/thaweddb",15,0,,,,"volume:_splunk_summaries/$_index_name/datamodel_summary",0
"org_idx_cluster1","PROD-IDXC-1|indexer","IDX1|IDX2|IDX3",3,"aws-config","org_all_indexes","volume:cold1/$_index_name/colddb",0,"","",3,,event,2592000,"volume:hot1/$_index_name/db",0,0,auto,0,0,10,0,604801,,4294967295,300,auto,,604801,604801,auto,60,"$SPLUNK_DB/$_index_name/thaweddb",15,0,,,,"volume:_splunk_summaries/$_index_name/datamodel_summary",0
"org_idx_cluster1","PROD-IDXC-1|indexer","IDX1|IDX2|IDX3",3,"aws-data","org_all_indexes","volume:cold1/$_index_name/colddb",0,"","",3,,event,2592000,"volume:hot1/$_index_name/db",0,0,auto,0,0,10,0,604801,,4294967295,300,auto,,604801,604801,auto,60,"$SPLUNK_DB/$_index_name/thaweddb",15,0,,,,"volume:_splunk_summaries/$_index_name/datamodel_summary",0
"org_idx_cluster1","PROD-IDXC-1|indexer","IDX1|IDX2|IDX3",3,"aws_anomaly_detection","org_all_indexes","volume:cold1/$_index_name/colddb",0,"","",3,,event,2592000,"volume:hot1/$_index_name/db",0,0,auto,0,0,10,0,604801,,4294967295,300,auto,,604801,604801,auto,60,"$SPLUNK_DB/$_index_name/thaweddb",15,0,,,,"volume:_splunk_summaries/$_index_name/datamodel_summary",0
"org_idx_cluster1","PROD-IDXC-1|indexer","IDX1|IDX2|IDX3",3,"aws_topology_daily_snapshot","org_all_indexes","volume:cold1/$_index_name/colddb",0,"","",3,,event,2592000,"volume:hot1/$_index_name/db",0,0,auto,0,0,10,0,604801,,4294967295,300,auto,,604801,604801,auto,60,"$SPLUNK_DB/$_index_name/thaweddb",15,0,,,,"volume:_splunk_summaries/$_index_name/datamodel_summary",0
"org_idx_cluster1","PROD-IDXC-1|indexer","IDX1|IDX2|IDX3",3,"aws_topology_history","org_all_indexes","volume:cold1/$_index_name/colddb",0,"","",3,,event,2592000,"volume:hot1/$_index_name/db",0,0,auto,0,0,10,0,604801,,4294967295,300,auto,,604801,604801,auto,60,"$SPLUNK_DB/$_index_name/thaweddb",15,0,,,,"volume:_splunk_summaries/$_index_name/datamodel_summary",0
"org_idx_cluster1","PROD-IDXC-1|indexer","IDX1|IDX2|IDX3",3,"aws_topology_monthly_snapshot","org_all_indexes","volume:cold1/$_index_name/colddb",0,"","",3,,event,2592000,"volume:hot1/$_index_name/db",0,0,auto,0,0,10,0,604801,,4294967295,300,auto,,604801,604801,auto,60,"$SPLUNK_DB/$_index_name/thaweddb",15,0,,,,"volume:_splunk_summaries/$_index_name/datamodel_summary",0
"org_idx_cluster1","PROD-IDXC-1|indexer","IDX1|IDX2|IDX3",3,"aws_topology_playback","org_all_indexes","volume:cold1/$_index_name/colddb",0,"","",3,,event,2592000,"volume:hot1/$_index_name/db",0,0,auto,0,0,10,0,604801,,4294967295,300,auto,,604801,604801,auto,60,"$SPLUNK_DB/$_index_name/thaweddb",15,0,,,,"volume:_splunk_summaries/$_index_name/datamodel_summary",0
"org_idx_cluster1","PROD-IDXC-1|indexer","IDX1|IDX2|IDX3",3,"aws_vpc_flow_logs","org_all_indexes","volume:cold1/$_index_name/colddb",0,"","",3,,event,2592000,"volume:hot1/$_index_name/db",0,0,auto,0,0,10,0,604801,,4294967295,300,auto,,604801,604801,auto,60,"$SPLUNK_DB/$_index_name/thaweddb",15,0,,,,"volume:_splunk_summaries/$_index_name/datamodel_summary",0
"org_idx_cluster1","PROD-IDXC-1|indexer","IDX1|IDX2|IDX3",3,bro,"org_all_indexes","volume:cold1/$_index_name/colddb",0,"","",3,,event,2592000,"volume:hot1/$_index_name/db",0,0,auto,0,0,10,0,604801,,4294967295,300,auto,,604801,604801,auto,60,"$SPLUNK_DB/$_index_name/thaweddb",15,0,,,,"volume:_splunk_summaries/$_index_name/datamodel_summary",0
"org_idx_cluster1","PROD-IDXC-1|indexer","IDX1|IDX2|IDX3",3,"car_data","org_all_indexes","volume:cold2/$_index_name/colddb",0,"","",3,,event,2592000,"volume:hot2/$_index_name/db",0,0,auto,0,0,10,0,604801,,4294967295,300,auto,,604801,604801,auto,60,"$SPLUNK_DB/$_index_name/thaweddb",15,0,,,,"volume:_splunk_summaries/$_index_name/datamodel_summary",0
"org_idx_cluster1","PROD-IDXC-1|indexer","IDX1|IDX2|IDX3",3,"cim_modactions","org_all_indexes","volume:cold1/$_index_name/colddb",0,"","",72,"0.000",event,2592000,"volume:hot1/$_index_name/db",0,0,auto,0,0,10,0,604801,"1582647012.000000",4294967295,300,auto,"1581519005.000000",604801,604801,auto,60,"$SPLUNK_DB/$_index_name/thaweddb",15,1598130,"22.666666666666668","4294967295.000","552.934","volume:_splunk_summaries/$_index_name/datamodel_summary",0
"org_idx_cluster1","PROD-IDXC-1|indexer","IDX1|IDX2|IDX3",3,"cim_summary","org_all_indexes","volume:cold1/$_index_name/colddb",0,"","",3,,event,2592000,"volume:hot1/$_index_name/db",0,0,auto,0,0,10,0,604801,,4294967295,300,auto,,604801,604801,auto,60,"$SPLUNK_DB/$_index_name/thaweddb",15,0,,,,"volume:_splunk_summaries/$_index_name/datamodel_summary",0
"org_idx_cluster1","PROD-IDXC-1|indexer","IDX1|IDX2|IDX3",3,"cja_notification","org_all_indexes","volume:cold2/$_index_name/colddb",0,"","",3,,event,2592000,"volume:hot2/$_index_name/db",0,0,auto,0,0,10,0,604801,,4294967295,300,auto,,604801,604801,auto,60,"$SPLUNK_DB/$_index_name/thaweddb",15,0,,,,"volume:_splunk_summaries/$_index_name/datamodel_summary",0
"org_idx_cluster1","PROD-IDXC-1|indexer","IDX1|IDX2|IDX3",3,cloudplatform,"org_all_indexes","volume:cold1/$_index_name/colddb",0,"","",3,,event,2592000,"volume:hot1/$_index_name/db",0,0,auto,0,0,10,0,604801,,4294967295,300,auto,,604801,604801,auto,60,"$SPLUNK_DB/$_index_name/thaweddb",15,0,,,,"volume:_splunk_summaries/$_index_name/datamodel_summary",0
"org_idx_cluster1","PROD-IDXC-1|indexer","IDX1|IDX2|IDX3",3,conf,"org_all_indexes","volume:cold1/$_index_name/colddb",0,"","",3,,event,2592000,"volume:hot1/$_index_name/db",0,0,auto,0,0,10,0,604801,,4294967295,300,auto,,604801,604801,auto,60,"$SPLUNK_DB/$_index_name/thaweddb",15,0,,,,"volume:_splunk_summaries/$_index_name/datamodel_summary",0
"org_idx_cluster1","PROD-IDXC-1|indexer","IDX1|IDX2|IDX3",3,dap,"org_all_indexes","volume:cold1/$_index_name/colddb",0,"","",3,,event,2592000,"volume:hot1/$_index_name/db",0,0,auto,0,0,10,0,604801,,4294967295,300,auto,,604801,604801,auto,60,"$SPLUNK_DB/$_index_name/thaweddb",15,0,,,,"volume:_splunk_summaries/$_index_name/datamodel_summary",0
"org_idx_cluster1","PROD-IDXC-1|indexer","IDX1|IDX2|IDX3",3,datascience,"org_all_indexes","volume:cold1/$_index_name/colddb",0,"","",3,,event,2592000,"volume:hot1/$_index_name/db",0,0,auto,0,0,10,0,604801,,4294967295,300,auto,,604801,604801,auto,60,"$SPLUNK_DB/$_index_name/thaweddb",15,0,,,,"volume:_splunk_summaries/$_index_name/datamodel_summary",0
"org_idx_cluster1","PROD-IDXC-1|indexer","IDX1|IDX2|IDX3",3,dbx,"org_all_indexes","volume:cold1/$_index_name/colddb",0,"","",3,,event,2592000,"volume:hot1/$_index_name/db",0,0,auto,0,0,10,0,604801,,4294967295,300,auto,,604801,604801,auto,60,"$SPLUNK_DB/$_index_name/thaweddb",15,0,,,,"volume:_splunk_summaries/$_index_name/datamodel_summary",0
"org_idx_cluster1","PROD-IDXC-1|indexer","IDX1|IDX2|IDX3",3,dlp,"org_all_indexes","volume:cold1/$_index_name/colddb",0,"","",3,,event,2592000,"volume:hot1/$_index_name/db",0,0,auto,0,0,10,0,604801,,4294967295,300,auto,,604801,604801,auto,60,"$SPLUNK_DB/$_index_name/thaweddb",15,0,,,,"volume:_splunk_summaries/$_index_name/datamodel_summary",0
"org_idx_cluster1","PROD-IDXC-1|indexer","IDX1|IDX2|IDX3",3,dns,"org_all_indexes","volume:cold1/$_index_name/colddb",0,"","",3,,event,2592000,"volume:hot1/$_index_name/db",0,0,auto,0,0,10,0,604801,,4294967295,300,auto,,604801,604801,auto,60,"$SPLUNK_DB/$_index_name/thaweddb",15,0,,,,"volume:_splunk_summaries/$_index_name/datamodel_summary",0
"org_idx_cluster1","PROD-IDXC-1|indexer","IDX1|IDX2|IDX3",3,edge,"org_all_indexes","volume:cold1/$_index_name/colddb",0,"","",3,,event,2592000,"volume:hot1/$_index_name/db",0,0,auto,0,0,10,0,604801,,4294967295,300,auto,,604801,604801,auto,60,"$SPLUNK_DB/$_index_name/thaweddb",15,0,,,,"volume:_splunk_summaries/$_index_name/datamodel_summary",0
"org_idx_cluster1","PROD-IDXC-1|indexer","IDX1|IDX2|IDX3",3,elasticsearch,"org_all_indexes","volume:cold1/$_index_name/colddb",0,"","",3,,event,2592000,"volume:hot1/$_index_name/db",0,0,auto,0,0,10,0,604801,,4294967295,300,auto,,604801,604801,auto,60,"$SPLUNK_DB/$_index_name/thaweddb",15,0,,,,"volume:_splunk_summaries/$_index_name/datamodel_summary",0
"org_idx_cluster1","PROD-IDXC-1|indexer","IDX1|IDX2|IDX3",3,"endpoint_summary","org_all_indexes","volume:cold1/$_index_name/colddb",0,"","",5,"0.000",event,2592000,"volume:hot1/$_index_name/db",0,0,auto,0,0,10,0,604801,"1582645803.000000",4294967295,300,auto,"1581493810.000000",604801,604801,auto,60,"$SPLUNK_DB/$_index_name/thaweddb",15,9839,"22.666666666666668","4294967295.000","2.027","volume:_splunk_summaries/$_index_name/datamodel_summary",0
"org_idx_cluster1","PROD-IDXC-1|indexer","IDX1|IDX2|IDX3",3,epav,"org_all_indexes","volume:cold1/$_index_name/colddb",0,"","",15646,"1546.173",event,2592000,"volume:hot1/$_index_name/db",0,0,auto,0,0,10,0,604801,"1582647270.000000",4294967295,300,auto,"1581563958.000000",604801,604801,auto,60,"$SPLUNK_DB/$_index_name/thaweddb",15,77211903,"103.33333333333333","4294967295.000","31462.774","volume:_splunk_summaries/$_index_name/datamodel_summary",0
"org_idx_cluster1","PROD-IDXC-1|indexer","IDX1|IDX2|IDX3",3,epintel,"org_all_indexes","volume:cold1/$_index_name/colddb",0,"","",3,,event,2592000,"volume:hot1/$_index_name/db",0,0,auto,0,0,10,0,604801,,4294967295,300,auto,,604801,604801,auto,60,"$SPLUNK_DB/$_index_name/thaweddb",15,0,,,,"volume:_splunk_summaries/$_index_name/datamodel_summary",0
"org_idx_cluster1","PROD-IDXC-1|indexer","IDX1|IDX2|IDX3",3,estreamer,"org_all_indexes","volume:cold1/$_index_name/colddb",0,"","",3,,event,2592000,"volume:hot1/$_index_name/db",0,0,auto,0,0,10,0,604801,,4294967295,300,auto,,604801,604801,auto,60,"$SPLUNK_DB/$_index_name/thaweddb",15,0,,,,"volume:_splunk_summaries/$_index_name/datamodel_summary",0
"org_idx_cluster1","PROD-IDXC-1|indexer","IDX1|IDX2|IDX3",3,eventgen,"org_all_indexes","volume:cold1/$_index_name/colddb",0,"","",11836,"3281.520",event,7776000,"volume:hot1/$_index_name/db",0,0,auto,0,0,10,0,604801,"1582647265.000000",4294967295,300,auto,"1581386981.000000",604801,604801,auto,60,"$SPLUNK_DB/$_index_name/thaweddb",15,115921942,69,"4294967295.000","18757.002","volume:_splunk_summaries/$_index_name/datamodel_summary",0
"org_idx_cluster1","PROD-IDXC-1|indexer","IDX1|IDX2|IDX3",3,firedalerts,"org_all_indexes","volume:cold1/$_index_name/colddb",0,"","",3,,event,2592000,"volume:hot1/$_index_name/db",0,0,auto,0,0,10,0,604801,,4294967295,300,auto,,604801,604801,auto,60,"$SPLUNK_DB/$_index_name/thaweddb",15,0,,,,"volume:_splunk_summaries/$_index_name/datamodel_summary",0
"org_idx_cluster1","PROD-IDXC-1|indexer","IDX1|IDX2|IDX3",3,ftp,"org_all_indexes","volume:cold1/$_index_name/colddb",0,"","",3,,event,2592000,"volume:hot1/$_index_name/db",0,0,auto,0,0,10,0,604801,,4294967295,300,auto,,604801,604801,auto,60,"$SPLUNK_DB/$_index_name/thaweddb",15,0,,,,"volume:_splunk_summaries/$_index_name/datamodel_summary",0
"org_idx_cluster1","PROD-IDXC-1|indexer","IDX1|IDX2|IDX3",3,fweb,"org_all_indexes","volume:cold1/$_index_name/colddb",0,"","",3,,event,2592000,"volume:hot1/$_index_name/db",0,0,auto,0,0,10,0,604801,,4294967295,300,auto,,604801,604801,auto,60,"$SPLUNK_DB/$_index_name/thaweddb",15,0,,,,"volume:_splunk_summaries/$_index_name/datamodel_summary",0
"org_idx_cluster1","PROD-IDXC-1|indexer","IDX1|IDX2|IDX3",3,gemfire,"org_all_indexes","volume:cold1/$_index_name/colddb",0,"","",3,,event,2592000,"volume:hot1/$_index_name/db",0,0,auto,0,0,10,0,604801,,4294967295,300,auto,,604801,604801,auto,60,"$SPLUNK_DB/$_index_name/thaweddb",15,0,,,,"volume:_splunk_summaries/$_index_name/datamodel_summary",0
"org_idx_cluster1","PROD-IDXC-1|indexer","IDX1|IDX2|IDX3",3,"gia_summary","org_all_indexes","volume:cold1/$_index_name/colddb",0,"","",3,,event,2592000,"volume:hot1/$_index_name/db",0,0,auto,0,0,10,0,604801,,4294967295,300,auto,,604801,604801,auto,60,"$SPLUNK_DB/$_index_name/thaweddb",15,0,,,,"volume:_splunk_summaries/$_index_name/datamodel_summary",0
"org_idx_cluster1","PROD-IDXC-1|indexer","IDX1|IDX2|IDX3",3,greenplum,"org_all_indexes","volume:cold1/$_index_name/colddb",0,"","",3,,event,2592000,"volume:hot1/$_index_name/db",0,0,auto,0,0,10,0,604801,,4294967295,300,auto,,604801,604801,auto,60,"$SPLUNK_DB/$_index_name/thaweddb",15,0,,,,"volume:_splunk_summaries/$_index_name/datamodel_summary",0
"org_idx_cluster1","PROD-IDXC-1|indexer","IDX1|IDX2|IDX3",3,gso,"org_all_indexes","volume:cold1/$_index_name/colddb",0,"","",3,,event,2592000,"volume:hot1/$_index_name/db",0,0,auto,0,0,10,0,604801,,4294967295,300,auto,,604801,604801,auto,60,"$SPLUNK_DB/$_index_name/thaweddb",15,0,,,,"volume:_splunk_summaries/$_index_name/datamodel_summary",0
"org_idx_cluster1","PROD-IDXC-1|indexer","IDX1|IDX2|IDX3",3,history,"org_all_indexes","volume:cold1/historydb/colddb",0,"","",3,,event,604800,"volume:hot1/historydb/db",0,0,10,0,0,10,0,604801,,4294967295,300,auto,,604801,604801,auto,60,"$SPLUNK_DB/historydb/thaweddb",15,0,,,,"volume:_splunk_summaries/historydb/datamodel_summary",0
"org_idx_cluster1","PROD-IDXC-1|indexer","IDX1|IDX2|IDX3",3,hydra,"org_all_indexes","volume:cold1/$_index_name/colddb",0,"","",3,,event,2592000,"volume:hot1/$_index_name/db",0,0,auto,0,0,10,0,604801,,4294967295,300,auto,,604801,604801,auto,60,"$SPLUNK_DB/$_index_name/thaweddb",15,0,,,,"volume:_splunk_summaries/$_index_name/datamodel_summary",0
"org_idx_cluster1","PROD-IDXC-1|indexer","IDX1|IDX2|IDX3",3,identities,"org_all_indexes","volume:cold1/$_index_name/colddb",0,"","",3,,event,2592000,"volume:hot1/$_index_name/db",0,0,auto,0,0,10,0,604801,,4294967295,300,auto,,604801,604801,auto,60,"$SPLUNK_DB/$_index_name/thaweddb",15,0,,,,"volume:_splunk_summaries/$_index_name/datamodel_summary",0
"org_idx_cluster1","PROD-IDXC-1|indexer","IDX1|IDX2|IDX3",3,ioc,"org_all_indexes","volume:cold1/$_index_name/colddb",0,"","",3,,event,2592000,"volume:hot1/$_index_name/db",0,0,auto,0,0,10,0,604801,,4294967295,300,auto,,604801,604801,auto,60,"$SPLUNK_DB/$_index_name/thaweddb",15,0,,,,"volume:_splunk_summaries/$_index_name/datamodel_summary",0
"org_idx_cluster1","PROD-IDXC-1|indexer","IDX1|IDX2|IDX3",3,"iot_pm","org_all_indexes","volume:cold1/$_index_name/colddb",0,"","",36,"0.000",event,2592000,"volume:hot1/$_index_name/db",0,0,auto,0,0,10,0,604801,"1582609839.000000",4294967295,300,auto,"1582255072.000000",604801,604801,auto,60,"$SPLUNK_DB/$_index_name/thaweddb",15,181404,2,"4294967295.000","14.656","volume:_splunk_summaries/$_index_name/datamodel_summary",0
"org_idx_cluster1","PROD-IDXC-1|indexer","IDX1|IDX2|IDX3",3,"iot_pm_stash","org_all_indexes","volume:cold2/$_index_name/colddb",0,"","",3,,event,2592000,"volume:hot2/$_index_name/db",0,0,auto,0,0,10,0,604801,,4294967295,300,auto,,604801,604801,auto,60,"$SPLUNK_DB/$_index_name/thaweddb",15,0,,,,"volume:_splunk_summaries/$_index_name/datamodel_summary",0
"org_idx_cluster1","PROD-IDXC-1|indexer","IDX1|IDX2|IDX3",3,journald,"org_all_indexes","volume:cold1/$_index_name/colddb",0,"","",3,,event,2592000,"volume:hot1/$_index_name/db",0,0,auto,0,0,10,0,604801,,4294967295,300,auto,,604801,604801,auto,60,"$SPLUNK_DB/$_index_name/thaweddb",15,0,,,,"volume:_splunk_summaries/$_index_name/datamodel_summary",0
"org_idx_cluster1","PROD-IDXC-1|indexer","IDX1|IDX2|IDX3",3,legacy,"org_all_indexes","volume:cold1/$_index_name/colddb",0,"","",3,,event,2592000,"volume:hot1/$_index_name/db",0,0,auto,0,0,10,0,604801,,4294967295,300,auto,,604801,604801,auto,60,"$SPLUNK_DB/$_index_name/thaweddb",15,0,,,,"volume:_splunk_summaries/$_index_name/datamodel_summary",0
"org_idx_cluster1","PROD-IDXC-1|indexer","IDX1|IDX2|IDX3",3,linux,"org_all_indexes","volume:cold1/$_index_name/colddb",0,"","",3,,event,2592000,"volume:hot1/$_index_name/db",0,0,auto,0,0,10,0,604801,,4294967295,300,auto,,604801,604801,auto,60,"$SPLUNK_DB/$_index_name/thaweddb",15,0,,,,"volume:_splunk_summaries/$_index_name/datamodel_summary",0
"org_idx_cluster1","PROD-IDXC-1|indexer","IDX1|IDX2|IDX3",3,main,"org_all_indexes","volume:cold1/defaultdb/colddb",0,"","",391,"0.000",event,2592000,"volume:hot1/defaultdb/db",0,0,"auto_high_volume",0,0,10,86400,604801,"1582647303.000000",4294967295,300,auto,"1533784400.000000",604801,604801,auto,60,"$SPLUNK_DB/defaultdb/thaweddb",15,815019,90,"4294967295.000","1646.176","volume:_splunk_summaries/defaultdb/datamodel_summary",0
"org_idx_cluster1","PROD-IDXC-1|indexer","IDX1|IDX2|IDX3",3,"maxmind_tracker","org_all_indexes","volume:cold1/$_index_name/colddb",0,"","",3,,event,2592000,"volume:hot1/$_index_name/db",0,0,auto,0,0,10,0,604801,,4294967295,300,auto,,604801,604801,auto,60,"$SPLUNK_DB/$_index_name/thaweddb",15,0,,,,"volume:_splunk_summaries/$_index_name/datamodel_summary",0
"org_idx_cluster1","PROD-IDXC-1|indexer","IDX1|IDX2|IDX3",3,misc,"org_all_indexes","volume:cold1/$_index_name/colddb",0,"","",3,,event,2592000,"volume:hot1/$_index_name/db",0,0,auto,0,0,10,0,604801,,4294967295,300,auto,,604801,604801,auto,60,"$SPLUNK_DB/$_index_name/thaweddb",15,0,,,,"volume:_splunk_summaries/$_index_name/datamodel_summary",0
"org_idx_cluster1","PROD-IDXC-1|indexer","IDX1|IDX2|IDX3",3,mongodb,"org_all_indexes","volume:cold1/$_index_name/colddb",0,"","",3,,event,2592000,"volume:hot1/$_index_name/db",0,0,auto,0,0,10,0,604801,,4294967295,300,auto,,604801,604801,auto,60,"$SPLUNK_DB/$_index_name/thaweddb",15,0,,,,"volume:_splunk_summaries/$_index_name/datamodel_summary",0
"org_idx_cluster1","PROD-IDXC-1|indexer","IDX1|IDX2|IDX3",3,msad,"org_all_indexes","volume:cold1/$_index_name/colddb",0,"","",3,,event,2592000,"volume:hot1/$_index_name/db",0,0,auto,0,0,10,0,604801,,4294967295,300,auto,,604801,604801,auto,60,"$SPLUNK_DB/$_index_name/thaweddb",15,0,,,,"volume:_splunk_summaries/$_index_name/datamodel_summary",0
"org_idx_cluster1","PROD-IDXC-1|indexer","IDX1|IDX2|IDX3",3,msexchange,"org_all_indexes","volume:cold1/$_index_name/colddb",0,"","",3,,event,2592000,"volume:hot1/$_index_name/db",0,0,auto,0,0,10,0,604801,,4294967295,300,auto,,604801,604801,auto,60,"$SPLUNK_DB/$_index_name/thaweddb",15,0,,,,"volume:_splunk_summaries/$_index_name/datamodel_summary",0
"org_idx_cluster1","PROD-IDXC-1|indexer","IDX1|IDX2|IDX3",3,named,"org_all_indexes","volume:cold1/$_index_name/colddb",0,"","",3,,event,2592000,"volume:hot1/$_index_name/db",0,0,auto,0,0,10,0,604801,,4294967295,300,auto,,604801,604801,auto,60,"$SPLUNK_DB/$_index_name/thaweddb",15,0,,,,"volume:_splunk_summaries/$_index_name/datamodel_summary",0
"org_idx_cluster1","PROD-IDXC-1|indexer","IDX1|IDX2|IDX3",3,netfw,"org_all_indexes","volume:cold1/$_index_name/colddb",0,"","",3,,event,2592000,"volume:hot1/$_index_name/db",0,0,auto,0,0,10,0,604801,,4294967295,300,auto,,604801,604801,auto,60,"$SPLUNK_DB/$_index_name/thaweddb",15,0,,,,"volume:_splunk_summaries/$_index_name/datamodel_summary",0
"org_idx_cluster1","PROD-IDXC-1|indexer","IDX1|IDX2|IDX3",3,netipam,"org_all_indexes","volume:cold1/$_index_name/colddb",0,"","",3,,event,2592000,"volume:hot1/$_index_name/db",0,0,auto,0,0,10,0,604801,,4294967295,300,auto,,604801,604801,auto,60,"$SPLUNK_DB/$_index_name/thaweddb",15,0,,,,"volume:_splunk_summaries/$_index_name/datamodel_summary",0
"org_idx_cluster1","PROD-IDXC-1|indexer","IDX1|IDX2|IDX3",3,"network_summary","org_all_indexes","volume:cold1/$_index_name/colddb",0,"","",3,,event,2592000,"volume:hot1/$_index_name/db",0,0,auto,0,0,10,0,604801,,4294967295,300,auto,,604801,604801,auto,60,"$SPLUNK_DB/$_index_name/thaweddb",15,0,,,,"volume:_splunk_summaries/$_index_name/datamodel_summary",0
"org_idx_cluster1","PROD-IDXC-1|indexer","IDX1|IDX2|IDX3",3,"network_summary2","org_all_indexes","volume:cold1/$_index_name/colddb",0,"","",3,,event,2592000,"volume:hot1/$_index_name/db",0,0,auto,0,0,10,0,604801,,4294967295,300,auto,,604801,604801,auto,60,"$SPLUNK_DB/$_index_name/thaweddb",15,0,,,,"volume:_splunk_summaries/$_index_name/datamodel_summary",0
"org_idx_cluster1","PROD-IDXC-1|indexer","IDX1|IDX2|IDX3",3,"network_summary3","org_all_indexes","volume:cold1/$_index_name/colddb",0,"","",3,,event,2592000,"volume:hot1/$_index_name/db",0,0,auto,0,0,10,0,604801,,4294967295,300,auto,,604801,604801,auto,60,"$SPLUNK_DB/$_index_name/thaweddb",15,0,,,,"volume:_splunk_summaries/$_index_name/datamodel_summary",0
"org_idx_cluster1","PROD-IDXC-1|indexer","IDX1|IDX2|IDX3",3,nginx,"org_all_indexes","volume:cold1/$_index_name/colddb",0,"","",3,,event,2592000,"volume:hot1/$_index_name/db",0,0,auto,0,0,10,0,604801,,4294967295,300,auto,,604801,604801,auto,60,"$SPLUNK_DB/$_index_name/thaweddb",15,0,,,,"volume:_splunk_summaries/$_index_name/datamodel_summary",0
"org_idx_cluster1","PROD-IDXC-1|indexer","IDX1|IDX2|IDX3",3,notable,"org_all_indexes","volume:cold1/$_index_name/colddb",0,"","",70,"43.211",event,7776000,"volume:hot1/$_index_name/db",0,0,auto,0,0,10,0,604801,"1582644907.000000",4294967295,300,auto,"1581552019.000000",604801,604801,auto,60,"$SPLUNK_DB/$_index_name/thaweddb",15,499795,"21.666666666666668","4294967295.000","156.293","volume:_splunk_summaries/$_index_name/datamodel_summary",0
"org_idx_cluster1","PROD-IDXC-1|indexer","IDX1|IDX2|IDX3",3,"notable_summary","org_all_indexes","volume:cold1/$_index_name/colddb",0,"","",3,,event,2592000,"volume:hot1/$_index_name/db",0,0,auto,0,0,10,0,604801,,4294967295,300,auto,,604801,604801,auto,60,"$SPLUNK_DB/$_index_name/thaweddb",15,0,,,,"volume:_splunk_summaries/$_index_name/datamodel_summary",0
"org_idx_cluster1","PROD-IDXC-1|indexer","IDX1|IDX2|IDX3",3,openplatform,"org_all_indexes","volume:cold1/$_index_name/colddb",0,"","",3,,event,2592000,"volume:hot1/$_index_name/db",0,0,auto,0,0,10,0,604801,,4294967295,300,auto,,604801,604801,auto,60,"$SPLUNK_DB/$_index_name/thaweddb",15,0,,,,"volume:_splunk_summaries/$_index_name/datamodel_summary",0
"org_idx_cluster1","PROD-IDXC-1|indexer","IDX1|IDX2|IDX3",3,optive,"org_all_indexes","volume:cold1/$_index_name/colddb",0,"","",3,,event,2592000,"volume:hot1/$_index_name/db",0,0,auto,0,0,10,0,604801,,4294967295,300,auto,,604801,604801,auto,60,"$SPLUNK_DB/$_index_name/thaweddb",15,0,,,,"volume:_splunk_summaries/$_index_name/datamodel_summary",0
"org_idx_cluster1","PROD-IDXC-1|indexer","IDX1|IDX2|IDX3",3,os,"org_all_indexes","volume:cold1/$_index_name/colddb",0,"","",3,,event,2592000,"volume:hot1/$_index_name/db",0,0,auto,0,0,10,0,604801,,4294967295,300,auto,,604801,604801,auto,60,"$SPLUNK_DB/$_index_name/thaweddb",15,0,,,,"volume:_splunk_summaries/$_index_name/datamodel_summary",0
"org_idx_cluster1","PROD-IDXC-1|indexer","IDX1|IDX2|IDX3",3,osnix,"org_all_indexes","volume:cold1/$_index_name/colddb",0,"","",3,,event,2592000,"volume:hot1/$_index_name/db",0,0,auto,0,0,10,0,604801,,4294967295,300,auto,,604801,604801,auto,60,"$SPLUNK_DB/$_index_name/thaweddb",15,0,,,,"volume:_splunk_summaries/$_index_name/datamodel_summary",0
"org_idx_cluster1","PROD-IDXC-1|indexer","IDX1|IDX2|IDX3",3,osnixbash,"org_all_indexes","volume:cold1/$_index_name/colddb",0,"","",3,,event,2592000,"volume:hot1/$_index_name/db",0,0,auto,0,0,10,0,604801,,4294967295,300,auto,,604801,604801,auto,60,"$SPLUNK_DB/$_index_name/thaweddb",15,0,,,,"volume:_splunk_summaries/$_index_name/datamodel_summary",0
"org_idx_cluster1","PROD-IDXC-1|indexer","IDX1|IDX2|IDX3",3,osnixetc,"org_all_indexes","volume:cold1/$_index_name/colddb",0,"","",3,,event,2592000,"volume:hot1/$_index_name/db",0,0,auto,0,0,10,0,604801,,4294967295,300,auto,,604801,604801,auto,60,"$SPLUNK_DB/$_index_name/thaweddb",15,0,,,,"volume:_splunk_summaries/$_index_name/datamodel_summary",0
"org_idx_cluster1","PROD-IDXC-1|indexer","IDX1|IDX2|IDX3",3,osnixperf,"org_all_indexes","volume:cold1/$_index_name/colddb",0,"","",178,"0.000",event,2592000,"volume:hot1/$_index_name/db",0,0,auto,0,0,10,0,604801,"1582647302.000000",4294967295,300,auto,"1581870792.000000",604801,604801,auto,60,"$SPLUNK_DB/$_index_name/thaweddb",15,155285,49,"4294967295.000","1472.771","volume:_splunk_summaries/$_index_name/datamodel_summary",0
"org_idx_cluster1","PROD-IDXC-1|indexer","IDX1|IDX2|IDX3",3,osnixscript,"org_all_indexes","volume:cold1/$_index_name/colddb",0,"","",3,,event,2592000,"volume:hot1/$_index_name/db",0,0,auto,0,0,10,0,604801,,4294967295,300,auto,,604801,604801,auto,60,"$SPLUNK_DB/$_index_name/thaweddb",15,0,,,,"volume:_splunk_summaries/$_index_name/datamodel_summary",0
"org_idx_cluster1","PROD-IDXC-1|indexer","IDX1|IDX2|IDX3",3,osnixsec,"org_all_indexes","volume:cold1/$_index_name/colddb",0,"","",14597,"2357.969",event,2592000,"volume:hot1/$_index_name/db",0,0,auto,0,0,10,0,604801,"1582647259.000000",4294967295,300,auto,"1581535991.000000",604801,604801,auto,60,"$SPLUNK_DB/$_index_name/thaweddb",15,158184592,"80.33333333333333","4294967295.000","15550.309","volume:_splunk_summaries/$_index_name/datamodel_summary",0
"org_idx_cluster1","PROD-IDXC-1|indexer","IDX1|IDX2|IDX3",3,oswin,"org_all_indexes","volume:cold1/$_index_name/colddb",0,"","",3,,event,2592000,"volume:hot1/$_index_name/db",0,0,auto,0,0,10,0,604801,,4294967295,300,auto,,604801,604801,auto,60,"$SPLUNK_DB/$_index_name/thaweddb",15,0,,,,"volume:_splunk_summaries/$_index_name/datamodel_summary",0
"org_idx_cluster1","PROD-IDXC-1|indexer","IDX1|IDX2|IDX3",3,oswinperf,"org_all_indexes","volume:cold1/$_index_name/colddb",0,"","",3,,event,2592000,"volume:hot1/$_index_name/db",0,0,auto,0,0,10,0,604801,,4294967295,300,auto,,604801,604801,auto,60,"$SPLUNK_DB/$_index_name/thaweddb",15,0,,,,"volume:_splunk_summaries/$_index_name/datamodel_summary",0
"org_idx_cluster1","PROD-IDXC-1|indexer","IDX1|IDX2|IDX3",3,oswinreg,"org_all_indexes","volume:cold1/$_index_name/colddb",0,"","",3,,event,2592000,"volume:hot1/$_index_name/db",0,0,auto,0,0,10,0,604801,,4294967295,300,auto,,604801,604801,auto,60,"$SPLUNK_DB/$_index_name/thaweddb",15,0,,,,"volume:_splunk_summaries/$_index_name/datamodel_summary",0
"org_idx_cluster1","PROD-IDXC-1|indexer","IDX1|IDX2|IDX3",3,oswinscript,"org_all_indexes","volume:cold1/$_index_name/colddb",0,"","",46,"0.000",event,2592000,"volume:hot1/$_index_name/db",0,0,auto,0,0,10,0,604801,"1582647061.000000",4294967295,300,auto,"1581275118.000000",604801,604801,auto,60,"$SPLUNK_DB/$_index_name/thaweddb",15,225810,29,"4294967295.000","76.793","volume:_splunk_summaries/$_index_name/datamodel_summary",0
"org_idx_cluster1","PROD-IDXC-1|indexer","IDX1|IDX2|IDX3",3,oswinsec,"org_all_indexes","volume:cold1/$_index_name/colddb",0,"","",12347,"1246.407",event,2592000,"volume:hot1/$_index_name/db",0,0,auto,0,0,10,0,604801,"1582647264.000000",4294967295,300,auto,"1581654734.000000",604801,604801,auto,60,"$SPLUNK_DB/$_index_name/thaweddb",15,37633253,83,"4294967295.000","31267.802","volume:_splunk_summaries/$_index_name/datamodel_summary",0
"org_idx_cluster1","PROD-IDXC-1|indexer","IDX1|IDX2|IDX3",3,pci,"org_all_indexes","volume:cold1/$_index_name/colddb",0,"","",3,,event,2592000,"volume:hot1/$_index_name/db",0,0,auto,0,0,10,0,604801,,4294967295,300,auto,,604801,604801,auto,60,"$SPLUNK_DB/$_index_name/thaweddb",15,0,,,,"volume:_splunk_summaries/$_index_name/datamodel_summary",0
"org_idx_cluster1","PROD-IDXC-1|indexer","IDX1|IDX2|IDX3",3,"pci_posture_summary","org_all_indexes","volume:cold1/$_index_name/colddb",0,"","",3,,event,2592000,"volume:hot1/$_index_name/db",0,0,auto,0,0,10,0,604801,,4294967295,300,auto,,604801,604801,auto,60,"$SPLUNK_DB/$_index_name/thaweddb",15,0,,,,"volume:_splunk_summaries/$_index_name/datamodel_summary",0
"org_idx_cluster1","PROD-IDXC-1|indexer","IDX1|IDX2|IDX3",3,"pci_summary","org_all_indexes","volume:cold1/$_index_name/colddb",0,"","",3,,event,2592000,"volume:hot1/$_index_name/db",0,0,auto,0,0,10,0,604801,,4294967295,300,auto,,604801,604801,auto,60,"$SPLUNK_DB/$_index_name/thaweddb",15,0,,,,"volume:_splunk_summaries/$_index_name/datamodel_summary",0
"org_idx_cluster1","PROD-IDXC-1|indexer","IDX1|IDX2|IDX3",3,perfmon,"org_all_indexes","volume:cold1/$_index_name/colddb",0,"","",3,,event,2592000,"volume:hot1/$_index_name/db",0,0,auto,0,0,10,0,604801,,4294967295,300,auto,,604801,604801,auto,60,"$SPLUNK_DB/$_index_name/thaweddb",15,0,,,,"volume:_splunk_summaries/$_index_name/datamodel_summary",0
"org_idx_cluster1","PROD-IDXC-1|indexer","IDX1|IDX2|IDX3",3,"phantom_action_run","org_all_indexes","volume:cold1/$_index_name/colddb",0,"","",3,,event,2592000,"volume:hot1/$_index_name/db",0,0,auto,0,0,10,0,604801,,4294967295,300,auto,,604801,604801,auto,60,"$SPLUNK_DB/$_index_name/thaweddb",15,0,,,,"volume:_splunk_summaries/$_index_name/datamodel_summary",0
"org_idx_cluster1","PROD-IDXC-1|indexer","IDX1|IDX2|IDX3",3,"phantom_app","org_all_indexes","volume:cold1/$_index_name/colddb",0,"","",3,,event,2592000,"volume:hot1/$_index_name/db",0,0,auto,0,0,10,0,604801,,4294967295,300,auto,,604801,604801,auto,60,"$SPLUNK_DB/$_index_name/thaweddb",15,0,,,,"volume:_splunk_summaries/$_index_name/datamodel_summary",0
"org_idx_cluster1","PROD-IDXC-1|indexer","IDX1|IDX2|IDX3",3,"phantom_app_run","org_all_indexes","volume:cold1/$_index_name/colddb",0,"","",3,,event,2592000,"volume:hot1/$_index_name/db",0,0,auto,0,0,10,0,604801,,4294967295,300,auto,,604801,604801,auto,60,"$SPLUNK_DB/$_index_name/thaweddb",15,0,,,,"volume:_splunk_summaries/$_index_name/datamodel_summary",0
"org_idx_cluster1","PROD-IDXC-1|indexer","IDX1|IDX2|IDX3",3,"phantom_artifact","org_all_indexes","volume:cold1/$_index_name/colddb",0,"","",3,,event,2592000,"volume:hot1/$_index_name/db",0,0,auto,0,0,10,0,604801,,4294967295,300,auto,,604801,604801,auto,60,"$SPLUNK_DB/$_index_name/thaweddb",15,0,,,,"volume:_splunk_summaries/$_index_name/datamodel_summary",0
"org_idx_cluster1","PROD-IDXC-1|indexer","IDX1|IDX2|IDX3",3,"phantom_asset","org_all_indexes","volume:cold1/$_index_name/colddb",0,"","",3,,event,2592000,"volume:hot1/$_index_name/db",0,0,auto,0,0,10,0,604801,,4294967295,300,auto,,604801,604801,auto,60,"$SPLUNK_DB/$_index_name/thaweddb",15,0,,,,"volume:_splunk_summaries/$_index_name/datamodel_summary",0
"org_idx_cluster1","PROD-IDXC-1|indexer","IDX1|IDX2|IDX3",3,"phantom_audit","org_all_indexes","volume:cold1/$_index_name/colddb",0,"","",3,,event,2592000,"volume:hot1/$_index_name/db",0,0,auto,0,0,10,0,604801,,4294967295,300,auto,,604801,604801,auto,60,"$SPLUNK_DB/$_index_name/thaweddb",15,0,,,,"volume:_splunk_summaries/$_index_name/datamodel_summary",0
"org_idx_cluster1","PROD-IDXC-1|indexer","IDX1|IDX2|IDX3",3,"phantom_container","org_all_indexes","volume:cold1/$_index_name/colddb",0,"","",3,,event,2592000,"volume:hot1/$_index_name/db",0,0,auto,0,0,10,0,604801,,4294967295,300,auto,,604801,604801,auto,60,"$SPLUNK_DB/$_index_name/thaweddb",15,0,,,,"volume:_splunk_summaries/$_index_name/datamodel_summary",0
"org_idx_cluster1","PROD-IDXC-1|indexer","IDX1|IDX2|IDX3",3,"phantom_container_attachment","org_all_indexes","volume:cold1/$_index_name/colddb",0,"","",3,,event,2592000,"volume:hot1/$_index_name/db",0,0,auto,0,0,10,0,604801,,4294967295,300,auto,,604801,604801,auto,60,"$SPLUNK_DB/$_index_name/thaweddb",15,0,,,,"volume:_splunk_summaries/$_index_name/datamodel_summary",0
"org_idx_cluster1","PROD-IDXC-1|indexer","IDX1|IDX2|IDX3",3,"phantom_container_comment","org_all_indexes","volume:cold1/$_index_name/colddb",0,"","",3,,event,2592000,"volume:hot1/$_index_name/db",0,0,auto,0,0,10,0,604801,,4294967295,300,auto,,604801,604801,auto,60,"$SPLUNK_DB/$_index_name/thaweddb",15,0,,,,"volume:_splunk_summaries/$_index_name/datamodel_summary",0
"org_idx_cluster1","PROD-IDXC-1|indexer","IDX1|IDX2|IDX3",3,"phantom_container_note","org_all_indexes","volume:cold1/$_index_name/colddb",0,"","",3,,event,2592000,"volume:hot1/$_index_name/db",0,0,auto,0,0,10,0,604801,,4294967295,300,auto,,604801,604801,auto,60,"$SPLUNK_DB/$_index_name/thaweddb",15,0,,,,"volume:_splunk_summaries/$_index_name/datamodel_summary",0
"org_idx_cluster1","PROD-IDXC-1|indexer","IDX1|IDX2|IDX3",3,"phantom_decided_list","org_all_indexes","volume:cold1/$_index_name/colddb",0,"","",3,,event,2592000,"volume:hot1/$_index_name/db",0,0,auto,0,0,10,0,604801,,4294967295,300,auto,,604801,604801,auto,60,"$SPLUNK_DB/$_index_name/thaweddb",15,0,,,,"volume:_splunk_summaries/$_index_name/datamodel_summary",0
"org_idx_cluster1","PROD-IDXC-1|indexer","IDX1|IDX2|IDX3",3,"phantom_docs","org_all_indexes","volume:cold1/$_index_name/colddb",0,"","",3,,event,2592000,"volume:hot1/$_index_name/db",0,0,auto,0,0,10,0,604801,,4294967295,300,auto,,604801,604801,auto,60,"$SPLUNK_DB/$_index_name/thaweddb",15,0,,,,"volume:_splunk_summaries/$_index_name/datamodel_summary",0
"org_idx_cluster1","PROD-IDXC-1|indexer","IDX1|IDX2|IDX3",3,"phantom_note","org_all_indexes","volume:cold1/$_index_name/colddb",0,"","",3,,event,2592000,"volume:hot1/$_index_name/db",0,0,auto,0,0,10,0,604801,,4294967295,300,auto,,604801,604801,auto,60,"$SPLUNK_DB/$_index_name/thaweddb",15,0,,,,"volume:_splunk_summaries/$_index_name/datamodel_summary",0
"org_idx_cluster1","PROD-IDXC-1|indexer","IDX1|IDX2|IDX3",3,"phantom_playbook","org_all_indexes","volume:cold1/$_index_name/colddb",0,"","",3,,event,2592000,"volume:hot1/$_index_name/db",0,0,auto,0,0,10,0,604801,,4294967295,300,auto,,604801,604801,auto,60,"$SPLUNK_DB/$_index_name/thaweddb",15,0,,,,"volume:_splunk_summaries/$_index_name/datamodel_summary",0
"org_idx_cluster1","PROD-IDXC-1|indexer","IDX1|IDX2|IDX3",3,"phantom_workflow_note","org_all_indexes","volume:cold1/$_index_name/colddb",0,"","",3,,event,2592000,"volume:hot1/$_index_name/db",0,0,auto,0,0,10,0,604801,,4294967295,300,auto,,604801,604801,auto,60,"$SPLUNK_DB/$_index_name/thaweddb",15,0,,,,"volume:_splunk_summaries/$_index_name/datamodel_summary",0
"org_idx_cluster1","PROD-IDXC-1|indexer","IDX1|IDX2|IDX3",3,"pi-health","org_all_indexes","volume:cold1/$_index_name/colddb",0,"","",3,,event,2592000,"volume:hot1/$_index_name/db",0,0,auto,0,0,10,0,604801,,4294967295,300,auto,,604801,604801,auto,60,"$SPLUNK_DB/$_index_name/thaweddb",15,0,,,,"volume:_splunk_summaries/$_index_name/datamodel_summary",0
"org_idx_cluster1","PROD-IDXC-1|indexer","IDX1|IDX2|IDX3",3,"power_of_spl","org_all_indexes","volume:cold1/$_index_name/colddb",0,"","",3,,event,2592000,"volume:hot1/$_index_name/db",0,0,auto,0,0,10,0,604801,,4294967295,300,auto,,604801,604801,auto,60,"$SPLUNK_DB/$_index_name/thaweddb",15,0,,,,"volume:_splunk_summaries/$_index_name/datamodel_summary",0
"org_idx_cluster1","PROD-IDXC-1|indexer","IDX1|IDX2|IDX3",3,"provider-family","org_all_indexes","volume:cold1/$_index_name/colddb",0,"","",3,,event,2592000,"volume:hot1/$_index_name/db",0,0,auto,0,0,10,0,604801,,4294967295,300,auto,,604801,604801,auto,60,"$SPLUNK_DB/$_index_name/thaweddb",15,0,,,,"volume:_splunk_summaries/$_index_name/datamodel_summary",0
"org_idx_cluster1","PROD-IDXC-1|indexer","IDX1|IDX2|IDX3",3,"proxy_center_summary","org_all_indexes","volume:cold1/$_index_name/colddb",0,"","",3,,event,2592000,"volume:hot1/$_index_name/db",0,0,auto,0,0,10,0,604801,,4294967295,300,auto,,604801,604801,auto,60,"$SPLUNK_DB/$_index_name/thaweddb",15,0,,,,"volume:_splunk_summaries/$_index_name/datamodel_summary",0
"org_idx_cluster1","PROD-IDXC-1|indexer","IDX1|IDX2|IDX3",3,"proxy_center_summary2","org_all_indexes","volume:cold1/$_index_name/colddb",0,"","",3,,event,2592000,"volume:hot1/$_index_name/db",0,0,auto,0,0,10,0,604801,,4294967295,300,auto,,604801,604801,auto,60,"$SPLUNK_DB/$_index_name/thaweddb",15,0,,,,"volume:_splunk_summaries/$_index_name/datamodel_summary",0
"org_idx_cluster1","PROD-IDXC-1|indexer","IDX1|IDX2|IDX3",3,proxysg,"org_all_indexes","volume:cold1/$_index_name/colddb",0,"","",3,,event,2592000,"volume:hot1/$_index_name/db",0,0,auto,0,0,10,0,604801,,4294967295,300,auto,,604801,604801,auto,60,"$SPLUNK_DB/$_index_name/thaweddb",15,0,,,,"volume:_splunk_summaries/$_index_name/datamodel_summary",0
"org_idx_cluster1","PROD-IDXC-1|indexer","IDX1|IDX2|IDX3",3,quoteexpress,"org_all_indexes","volume:cold1/$_index_name/colddb",0,"","",3,,event,2592000,"volume:hot1/$_index_name/db",0,0,auto,0,0,10,0,604801,,4294967295,300,auto,,604801,604801,auto,60,"$SPLUNK_DB/$_index_name/thaweddb",15,0,,,,"volume:_splunk_summaries/$_index_name/datamodel_summary",0
"org_idx_cluster1","PROD-IDXC-1|indexer","IDX1|IDX2|IDX3",3,rapid7,"org_all_indexes","volume:cold1/$_index_name/colddb",0,"","",3,,event,2592000,"volume:hot1/$_index_name/db",0,0,auto,0,0,10,0,604801,,4294967295,300,auto,,604801,604801,auto,60,"$SPLUNK_DB/$_index_name/thaweddb",15,0,,,,"volume:_splunk_summaries/$_index_name/datamodel_summary",0
"org_idx_cluster1","PROD-IDXC-1|indexer","IDX1|IDX2|IDX3",3,risk,"org_all_indexes","volume:cold1/$_index_name/colddb",0,"","",66,"19.226",event,2592000,"volume:hot1/$_index_name/db",0,0,auto,0,0,10,0,604801,"1582647015.000000",4294967295,300,auto,"1581689488.000000",604801,604801,auto,60,"$SPLUNK_DB/$_index_name/thaweddb",15,453650,"20.333333333333332","4294967295.000","170.282","volume:_splunk_summaries/$_index_name/datamodel_summary",0
"org_idx_cluster1","PROD-IDXC-1|indexer","IDX1|IDX2|IDX3",3,rsa,"org_all_indexes","volume:cold1/$_index_name/colddb",0,"","",3,,event,2592000,"volume:hot1/$_index_name/db",0,0,auto,0,0,10,0,604801,,4294967295,300,auto,,604801,604801,auto,60,"$SPLUNK_DB/$_index_name/thaweddb",15,0,,,,"volume:_splunk_summaries/$_index_name/datamodel_summary",0
"org_idx_cluster1","PROD-IDXC-1|indexer","IDX1|IDX2|IDX3",3,sample,"org_all_indexes","volume:cold1/$_index_name/colddb",0,"","",3,,event,2592000,"volume:hot1/$_index_name/db",0,0,auto,0,0,10,0,604801,,4294967295,300,auto,,604801,604801,auto,60,"$SPLUNK_DB/$_index_name/thaweddb",15,0,,,,"volume:_splunk_summaries/$_index_name/datamodel_summary",0
"org_idx_cluster1","PROD-IDXC-1|indexer","IDX1|IDX2|IDX3",3,"security_getting_started","org_all_indexes","volume:cold1/$_index_name/colddb",0,"","",3,,event,2592000,"volume:hot1/$_index_name/db",0,0,auto,0,0,10,0,604801,,4294967295,300,auto,,604801,604801,auto,60,"$SPLUNK_DB/$_index_name/thaweddb",15,0,,,,"volume:_splunk_summaries/$_index_name/datamodel_summary",0
"org_idx_cluster1","PROD-IDXC-1|indexer","IDX1|IDX2|IDX3",3,"sequenced_events","org_all_indexes","volume:cold2/$_index_name/colddb",0,"","",3,,event,2592000,"volume:hot2/$_index_name/db",0,0,auto,0,0,10,0,604801,,4294967295,300,auto,,604801,604801,auto,60,"$SPLUNK_DB/$_index_name/thaweddb",15,0,,,,"volume:_splunk_summaries/$_index_name/datamodel_summary",0
"org_idx_cluster1","PROD-IDXC-1|indexer","IDX1|IDX2|IDX3",3,"session_end","org_all_indexes","volume:cold1/$_index_name/colddb",0,"","",3,,event,2592000,"volume:hot1/$_index_name/db",0,0,auto,0,0,10,0,604801,,4294967295,300,auto,,604801,604801,auto,60,"$SPLUNK_DB/$_index_name/thaweddb",15,0,,,,"volume:_splunk_summaries/$_index_name/datamodel_summary",0
"org_idx_cluster1","PROD-IDXC-1|indexer","IDX1|IDX2|IDX3",3,"session_start","org_all_indexes","volume:cold1/$_index_name/colddb",0,"","",3,,event,2592000,"volume:hot1/$_index_name/db",0,0,auto,0,0,10,0,604801,,4294967295,300,auto,,604801,604801,auto,60,"$SPLUNK_DB/$_index_name/thaweddb",15,0,,,,"volume:_splunk_summaries/$_index_name/datamodel_summary",0
"org_idx_cluster1","PROD-IDXC-1|indexer","IDX1|IDX2|IDX3",3,sgs,"org_all_indexes","volume:cold1/$_index_name/colddb",0,"","",3,,event,2592000,"volume:hot1/$_index_name/db",0,0,auto,0,0,10,0,604801,,4294967295,300,auto,,604801,604801,auto,60,"$SPLUNK_DB/$_index_name/thaweddb",15,0,,,,"volume:_splunk_summaries/$_index_name/datamodel_summary",0
"org_idx_cluster1","PROD-IDXC-1|indexer","IDX1|IDX2|IDX3",3,"si_conf","org_all_indexes","volume:cold1/$_index_name/colddb",0,"","",3,,event,2592000,"volume:hot1/$_index_name/db",0,0,auto,0,0,10,0,604801,,4294967295,300,auto,,604801,604801,auto,60,"$SPLUNK_DB/$_index_name/thaweddb",15,0,,,,"volume:_splunk_summaries/$_index_name/datamodel_summary",0
"org_idx_cluster1","PROD-IDXC-1|indexer","IDX1|IDX2|IDX3",3,"si_index","org_all_indexes","volume:cold1/$_index_name/colddb",0,"","",3,,event,2592000,"volume:hot1/$_index_name/db",0,0,auto,0,0,10,0,604801,,4294967295,300,auto,,604801,604801,auto,60,"$SPLUNK_DB/$_index_name/thaweddb",15,0,,,,"volume:_splunk_summaries/$_index_name/datamodel_summary",0
"org_idx_cluster1","PROD-IDXC-1|indexer","IDX1|IDX2|IDX3",3,sos,"org_all_indexes","volume:cold1/$_index_name/colddb",0,"","",3,,event,2592000,"volume:hot1/$_index_name/db",0,0,auto,0,0,10,0,604801,,4294967295,300,auto,,604801,604801,auto,60,"$SPLUNK_DB/$_index_name/thaweddb",15,0,,,,"volume:_splunk_summaries/$_index_name/datamodel_summary",0
"org_idx_cluster1","PROD-IDXC-1|indexer","IDX1|IDX2|IDX3",3,"sos_summary_daily","org_all_indexes","volume:cold1/$_index_name/colddb",0,"","",3,,event,2592000,"volume:hot1/$_index_name/db",0,0,auto,0,0,10,0,604801,,4294967295,300,auto,,604801,604801,auto,60,"$SPLUNK_DB/$_index_name/thaweddb",15,0,,,,"volume:_splunk_summaries/$_index_name/datamodel_summary",0
"org_idx_cluster1","PROD-IDXC-1|indexer","IDX1|IDX2|IDX3",3,splunklogger,"_cluster","$SPLUNK_DB/splunklogger/colddb",0,"","",0,,event,2592000,"$SPLUNK_DB/splunklogger/db",0,0,auto,0,0,10,0,604801,,4294967295,300,auto,,604801,604801,auto,60,"$SPLUNK_DB/splunklogger/thaweddb",15,0,,,,"volume:_splunk_summaries/$_index_name/datamodel_summary",1
"org_idx_cluster1","PROD-IDXC-1|indexer","IDX1|IDX2|IDX3",3,summary,"org_all_indexes","volume:cold2/summary/colddb",0,"","",3,,event,2592000,"volume:hot2/summary/db",0,0,auto,0,0,10,0,604801,,4294967295,300,auto,,604801,604801,auto,60,"$SPLUNK_DB/summarydb/thaweddb",15,0,,,,"volume:_splunk_summaries/summarydb/datamodel_summary",0
"org_idx_cluster1","PROD-IDXC-1|indexer","IDX1|IDX2|IDX3",3,"syslog_unclassified","org_all_indexes","volume:cold1/$_index_name/colddb",0,"","",3,,event,2592000,"volume:hot1/$_index_name/db",0,0,auto,0,0,10,0,604801,,4294967295,300,auto,,604801,604801,auto,60,"$SPLUNK_DB/$_index_name/thaweddb",15,0,,,,"volume:_splunk_summaries/$_index_name/datamodel_summary",0
"org_idx_cluster1","PROD-IDXC-1|indexer","IDX1|IDX2|IDX3",3,sysmessage,"org_all_indexes","volume:cold1/$_index_name/colddb",0,"","",3,,event,2592000,"volume:hot1/$_index_name/db",0,0,auto,0,0,10,0,604801,,4294967295,300,auto,,604801,604801,auto,60,"$SPLUNK_DB/$_index_name/thaweddb",15,0,,,,"volume:_splunk_summaries/$_index_name/datamodel_summary",0
"org_idx_cluster1","PROD-IDXC-1|indexer","IDX1|IDX2|IDX3",3,"threat_activity","org_all_indexes","volume:cold1/$_index_name/colddb",0,"","",9,"4.903",event,2592000,"volume:hot1/$_index_name/db",0,0,auto,0,0,10,0,604801,"1582647300.000000",4294967295,300,auto,"1581822900.000000",604801,604801,auto,60,"$SPLUNK_DB/$_index_name/thaweddb",15,84796,"25.333333333333332","4294967295.000","37.350","volume:_splunk_summaries/$_index_name/datamodel_summary",0
"org_idx_cluster1","PROD-IDXC-1|indexer","IDX1|IDX2|IDX3",3,"traffic_center_summary","org_all_indexes","volume:cold1/$_index_name/colddb",0,"","",3,,event,2592000,"volume:hot1/$_index_name/db",0,0,auto,0,0,10,0,604801,,4294967295,300,auto,,604801,604801,auto,60,"$SPLUNK_DB/$_index_name/thaweddb",15,0,,,,"volume:_splunk_summaries/$_index_name/datamodel_summary",0
"org_idx_cluster1","PROD-IDXC-1|indexer","IDX1|IDX2|IDX3",3,"traffic_center_summary2","org_all_indexes","volume:cold1/$_index_name/colddb",0,"","",3,,event,2592000,"volume:hot1/$_index_name/db",0,0,auto,0,0,10,0,604801,,4294967295,300,auto,,604801,604801,auto,60,"$SPLUNK_DB/$_index_name/thaweddb",15,0,,,,"volume:_splunk_summaries/$_index_name/datamodel_summary",0
"org_idx_cluster1","PROD-IDXC-1|indexer","IDX1|IDX2|IDX3",3,tutorial,"org_all_indexes","volume:cold2/$_index_name/colddb",0,"","",3,,event,2592000,"volume:hot2/$_index_name/db",0,0,auto,0,0,10,0,604801,,4294967295,300,auto,,604801,604801,auto,60,"$SPLUNK_DB/$_index_name/thaweddb",15,0,,,,"volume:_splunk_summaries/$_index_name/datamodel_summary",0
"org_idx_cluster1","PROD-IDXC-1|indexer","IDX1|IDX2|IDX3",3,"tutorial_data","org_all_indexes","volume:cold1/$_index_name/colddb",0,"","",3,,event,2592000,"volume:hot1/$_index_name/db",0,0,auto,0,0,10,0,604801,,4294967295,300,auto,,604801,604801,auto,60,"$SPLUNK_DB/$_index_name/thaweddb",15,0,,,,"volume:_splunk_summaries/$_index_name/datamodel_summary",0
"org_idx_cluster1","PROD-IDXC-1|indexer","IDX1|IDX2|IDX3",3,ubaroute,"org_all_indexes","volume:cold1/$_index_name/colddb",0,"","",3,,event,2592000,"volume:hot1/$_index_name/db",0,0,auto,0,0,10,0,604801,,4294967295,300,auto,,604801,604801,auto,60,"$SPLUNK_DB/$_index_name/thaweddb",15,0,,,,"volume:_splunk_summaries/$_index_name/datamodel_summary",0
"org_idx_cluster1","PROD-IDXC-1|indexer","IDX1|IDX2|IDX3",3,ueba,"org_all_indexes","volume:cold1/$_index_name/colddb",0,"","",3,,event,2592000,"volume:hot1/$_index_name/db",0,0,auto,0,0,10,0,604801,,4294967295,300,auto,,604801,604801,auto,60,"$SPLUNK_DB/$_index_name/thaweddb",15,0,,,,"volume:_splunk_summaries/$_index_name/datamodel_summary",0
"org_idx_cluster1","PROD-IDXC-1|indexer","IDX1|IDX2|IDX3",3,uli,"org_all_indexes","volume:cold1/$_index_name/colddb",0,"","",3,,event,2592000,"volume:hot1/$_index_name/db",0,0,auto,0,0,10,0,604801,,4294967295,300,auto,,604801,604801,auto,60,"$SPLUNK_DB/$_index_name/thaweddb",15,0,,,,"volume:_splunk_summaries/$_index_name/datamodel_summary",0
"org_idx_cluster1","PROD-IDXC-1|indexer","IDX1|IDX2|IDX3",3,"unix_summary","org_all_indexes","volume:cold1/$_index_name/colddb",0,"","",3,,event,2592000,"volume:hot1/$_index_name/db",0,0,auto,0,0,10,0,604801,,4294967295,300,auto,,604801,604801,auto,60,"$SPLUNK_DB/$_index_name/thaweddb",15,0,,,,"volume:_splunk_summaries/$_index_name/datamodel_summary",0
"org_idx_cluster1","PROD-IDXC-1|indexer","IDX1|IDX2|IDX3",3,views,"org_all_indexes","volume:cold1/$_index_name/colddb",0,"","",82,"0.000",event,2592000,"volume:hot1/$_index_name/db",0,0,auto,0,0,10,0,604801,"1582643893.000000",4294967295,300,auto,"1576465262.000000",604801,604801,auto,60,"$SPLUNK_DB/$_index_name/thaweddb",15,338031,"67.66666666666667","4294967295.000","64.257","volume:_splunk_summaries/$_index_name/datamodel_summary",0
"org_idx_cluster1","PROD-IDXC-1|indexer","IDX1|IDX2|IDX3",3,vpnet2,"org_all_indexes","volume:cold2/$_index_name/colddb",0,"","",3,,event,2592000,"volume:hot2/$_index_name/db",0,0,auto,0,0,10,0,604801,,4294967295,300,auto,,604801,604801,auto,60,"$SPLUNK_DB/$_index_name/thaweddb",15,0,,,,"volume:_splunk_summaries/$_index_name/datamodel_summary",0
"org_idx_cluster1","PROD-IDXC-1|indexer","IDX1|IDX2|IDX3",3,websites,"org_all_indexes","volume:cold1/$_index_name/colddb",0,"","",3,,event,2592000,"volume:hot1/$_index_name/db",0,0,auto,0,0,10,0,604801,,4294967295,300,auto,,604801,604801,auto,60,"$SPLUNK_DB/$_index_name/thaweddb",15,0,,,,"volume:_splunk_summaries/$_index_name/datamodel_summary",0
"org_idx_cluster1","PROD-IDXC-1|indexer","IDX1|IDX2|IDX3",3,whois,"org_all_indexes","volume:cold1/$_index_name/colddb",0,"","",3,,event,2592000,"volume:hot1/$_index_name/db",0,0,auto,0,0,10,0,604801,,4294967295,300,auto,,604801,604801,auto,60,"$SPLUNK_DB/$_index_name/thaweddb",15,0,,,,"volume:_splunk_summaries/$_index_name/datamodel_summary",0
"org_idx_cluster1","PROD-IDXC-1|indexer","IDX1|IDX2|IDX3",3,windefender,"org_all_indexes","volume:cold1/$_index_name/colddb",0,"","",3,,event,2592000,"volume:hot1/$_index_name/db",0,0,auto,0,0,10,0,604801,,4294967295,300,auto,,604801,604801,auto,60,"$SPLUNK_DB/$_index_name/thaweddb",15,0,,,,"volume:_splunk_summaries/$_index_name/datamodel_summary",0
"org_idx_cluster1","PROD-IDXC-1|indexer","IDX1|IDX2|IDX3",3,wireless,"org_all_indexes","volume:cold1/$_index_name/colddb",0,"","",3,,event,2592000,"volume:hot1/$_index_name/db",0,0,auto,0,0,10,0,604801,,4294967295,300,auto,,604801,604801,auto,60,"$SPLUNK_DB/$_index_name/thaweddb",15,0,,,,"volume:_splunk_summaries/$_index_name/datamodel_summary",0
"org_idx_cluster1","PROD-IDXC-1|indexer","IDX1|IDX2|IDX3",3,"xtreme_contexts","org_all_indexes","volume:cold1/$_index_name/colddb",0,"","",3,,event,2592000,"volume:hot1/$_index_name/db",0,0,auto,0,0,10,0,604801,,4294967295,300,auto,,604801,604801,auto,60,"$SPLUNK_DB/$_index_name/thaweddb",15,0,,,,"volume:_splunk_summaries/$_index_name/datamodel_summary",0
"org_idx_cluster1","PROD-IDXC-1|indexer","IDX1|IDX2|IDX3",3,yapl,"org_all_indexes","volume:cold1/$_index_name/colddb",0,"","",3,,event,2592000,"volume:hot1/$_index_name/db",0,0,auto,0,0,10,0,604801,,4294967295,300,auto,,604801,604801,auto,60,"$SPLUNK_DB/$_index_name/thaweddb",15,0,,,,"volume:_splunk_summaries/$_index_name/datamodel_summary",0
